"GeneID","baseMean","log2FoldChange","lfcSE","stat","pvalue","padj"
"7083",406.102003293021,3.19309937933195,0.17981575820041,17.7576170814415,1.50489315528099e-70,2.90624966147865e-66
"5347",215.436588681133,3.83920751825606,0.22039263259277,17.4198541625025,5.83256078542589e-68,5.63192069440724e-64
"6241",828.232465536741,3.83863001884632,0.22305035264523,17.2097016360777,2.24585871937251e-66,1.4457341196174e-62
"890",197.102223000668,3.23374022115843,0.191906971976144,16.8505614353627,1.03923390976525e-63,5.01742131634665e-60
"9212",115.811563951461,3.22613969517803,0.191947009225463,16.8074496612165,2.15234098289382e-63,8.31320181232911e-60
"11065",137.988057795908,3.54552071073652,0.212371662244815,16.6948860938394,1.42791438149668e-62,4.59598042257732e-59
"22974",223.980816976921,3.16988386877818,0.191933967927853,16.5154917756388,2.83837865167424e-61,7.83068121730469e-58
"55355",84.9497218139589,3.2461014684949,0.206196033114344,15.7427930085096,7.69699741719461e-56,1.85805517651078e-52
"991",220.143141189053,3.64953869482115,0.234193344489629,15.5834432561458,9.43335264280711e-55,2.02418784708768e-51
"28392",1041.26785212635,3.89064941387369,0.25131890104565,15.4809264153474,4.66703366497873e-54,9.01297541380693e-51
"332",229.189088507518,3.8467692872643,0.250174065128123,15.3763711889729,2.35798018168785e-53,4.13975575170507e-50
"51237",1736.67116846932,3.84387362438014,0.251047997632171,15.3113096325591,6.42569311286451e-53,1.03410821163033e-49
"4288",560.792657537496,3.1571840425151,0.208268684424265,15.1591875237642,6.58792396341156e-52,9.78661442933877e-49
"24137",55.9715794680301,3.53427757032701,0.23699878307958,14.9126401595921,2.72750873275364e-50,3.76240347478131e-47
"3429",3845.9226932058,8.76478682140417,0.594879648411615,14.7337143652619,3.9157844499121e-49,5.0414419531135e-46
"79801",192.889819273811,3.2012304450205,0.218510126574428,14.6502612725828,1.34198672796965e-48,1.61977798065937e-45
"51514",138.542744995298,3.14712706641069,0.215313534798068,14.6164850684479,2.20493502301672e-48,2.504806186147e-45
"81620",96.2447751742585,2.77930856165002,0.191060531341755,14.5467436007419,6.12500825414966e-48,6.57145330022991e-45
"29128",309.620776383325,2.84782582755524,0.198312541516799,14.3602911130762,9.18405608159455e-47,9.33486794988179e-44
"3009",65.471700695675,3.28511390560563,0.231151523729045,14.2119500343698,7.72441978250998e-46,7.45869974199163e-43
"2305",121.252016874601,2.30319693179741,0.162821940260763,14.1454949382668,1.99110834646371e-45,1.83106116128129e-42
"699",224.427784506178,3.14935610251331,0.223185688625327,14.1109231595951,3.25291603915903e-45,2.85546884310178e-42
"28467",949.786514621106,5.73540272193803,0.407519654005973,14.0739291112913,5.49306857469456e-45,4.61226697019571e-42
"107985050",33.5597908356355,2.53649463481011,0.182474379026774,13.9005522218434,6.28545441814124e-44,5.05769565513098e-41
"259266",82.1563101958483,2.93041506249405,0.211140017458018,13.8790130728142,8.49049484884353e-44,6.55873746083465e-41
"7298",161.828783785704,2.94559128294865,0.212443539721953,13.8652899815351,1.02809772334514e-43,7.6363935512467e-41
"51203",296.788400722375,2.36457590946384,0.170814067058962,13.8429811442147,1.4026647052869e-43,1.00326891809261e-40
"81567",4172.07880840187,2.65442611325952,0.193058068521531,13.7493663620875,5.13775224037554e-43,3.54358111664759e-40
"55388",95.1276646635776,3.5260528135632,0.256613546140494,13.7407119249765,5.79035961022328e-43,3.85598016526317e-40
"51512",63.0060418297188,2.76448458683564,0.201538792829839,13.7168857073076,8.04473060791623e-43,5.17866125000261e-40
"11130",286.326514003674,2.35719927430207,0.172129620403063,13.6943268031521,1.09773014735533e-42,6.83850471152459e-40
"100526836",4025.75994482321,2.61893310692118,0.191458690929229,13.6788416039533,1.35839475202039e-42,8.19791232844308e-40
"28950",842.410727256022,3.18240563274649,0.234556797351179,13.5677399618558,6.22107896856495e-42,3.64065081942201e-39
"9133",141.885486029232,3.46831980422179,0.256641905677595,13.5142380394371,1.28883196671849e-41,7.32056557096102e-39
"3541",211.442632416754,4.81878358872029,0.357561827968295,13.4767841861116,2.14243034978812e-41,1.18213185471738e-38
"157313",69.082848195676,3.30976717746907,0.246557170554383,13.4239339704745,4.37839508827476e-41,2.34876572068784e-38
"55872",30.0790512777184,4.06877830830651,0.303766366284457,13.394433222065,6.51716466982594e-41,3.4016076784778e-38
"28773",202.074470146146,4.40726308682109,0.329155510233517,13.3896074949327,6.95473055526738e-41,3.53446727587694e-38
"28391",491.592837789314,3.42027112358467,0.25570985051919,13.3755939266328,8.39801896739979e-41,4.15852672560063e-38
"9088",142.416478655038,2.67565969332488,0.200923381305262,13.3168159720534,1.84823173045665e-40,8.9232627946447e-38
"51659",110.643106463436,2.81663125590785,0.211876714128902,13.2937272861154,2.51719913679068e-40,1.18566218852931e-37
"28816",912.422071874435,3.8871707130282,0.292518738540198,13.2886212091128,2.69498470289191e-40,1.23917963291068e-37
"4605",958.466427618595,3.43258934781484,0.259415772144226,13.2319994248709,5.73413976108024e-40,2.57529551316236e-37
"28468",659.586048085869,3.63489603311991,0.275024859263155,13.2166090107582,7.03653676995841e-40,3.08839995685084e-37
"10112",64.7022263787373,3.24479554586972,0.245610221331763,13.2111584293015,7.56511354732526e-40,3.24661050724323e-37
"3539",12645.6560437267,3.63072608388821,0.275898288515631,13.1596542458527,1.49769657362501e-39,6.28772091953177e-37
"28477",1381.258091006,3.46045745270705,0.263062650803471,13.1544992880509,1.60342166385581e-39,6.58835727071989e-37
"28948",318.223068242176,3.28249235425767,0.24963289372465,13.1492781471272,1.71806777920566e-39,6.91235936500412e-37
"63967",88.2397647779857,2.66892543069277,0.203677683908896,13.1036713471593,3.1370786284987e-39,1.23639311170545e-36
"28481",187.657554471648,3.42602938086027,0.262013735993558,13.0757624895838,4.52998654601692e-39,1.74966200353358e-36
"28832",2128.85994714081,3.83206734860297,0.294171911598993,13.0266255801701,8.63424511529758e-39,3.26950081699268e-36
"9768",74.7637286804897,3.44004530317564,0.265178238920543,12.9725776789942,1.75043132811434e-38,6.50083265548926e-36
"1058",35.0834452136006,3.61072775913252,0.279588880192814,12.9144183296647,3.73253966954571e-38,1.36005294525032e-35
"5831",106.640267884332,3.05072258722929,0.236481011018757,12.9004970593064,4.47203273696508e-38,1.5993314114124e-35
"28896",399.719283539397,3.4702425725758,0.270557747776232,12.8262546576411,1.16879086252066e-37,4.10394347945435e-35
"3514",37735.6756955142,3.1344549499614,0.245522287670544,12.7664782684307,2.52314546133879e-37,8.54859388585521e-35
"7153",368.022238367649,3.16208977323677,0.247684562963591,12.7666001280087,2.51919943240041e-37,8.54859388585521e-35
"990",108.955534280656,2.94467532488672,0.231280731745064,12.7320391226217,3.92453907151619e-37,1.30673618188139e-34
"55165",67.9212910123982,3.46225606489631,0.272372165226079,12.7114900379872,5.1052296036346e-37,1.67105413737952e-34
"3006",394.070470786203,1.8556767897474,0.146106361577602,12.7008623697866,5.84817013371354e-37,1.88233102703793e-34
"8318",106.85025033276,3.02648582639389,0.239530852104572,12.6350564021398,1.35297101302932e-36,4.2833731481348e-34
"9787",93.5149340468492,3.80106989448749,0.300979920402515,12.6289816589896,1.46157445616791e-36,4.55256869314752e-34
"9319",88.2861399273707,3.07533124478515,0.244685205876354,12.5685213937258,3.14551736447341e-36,9.64225894328739e-34
"92745",555.983411798494,1.57741343889208,0.12554362825931,12.5646634621227,3.30277380749051e-36,9.9661199641026e-34
"28395",1606.36522021329,3.83057513085719,0.305429153117254,12.5416159255323,4.41891862948826e-36,1.31289471650273e-33
"113130",105.163709876359,2.86611263286309,0.230150822096419,12.453193113785,1.34360064296254e-35,3.93145691165039e-33
"220134",49.3299532370028,3.03041770960813,0.244032397935271,12.4180958563213,2.08464173928245e-35,6.0087464580631e-33
"3782",71.345008890706,4.06283119814774,0.32748953488355,12.4059878725359,2.42503278979614e-35,6.69031903379188e-33
"28908",2720.39229318555,3.27145977002825,0.26369647639518,12.4061565582909,2.41993067334885e-35,6.69031903379188e-33
"83461",68.2997525281571,2.32192051520917,0.18712967941703,12.4080825791115,2.36242643426621e-35,6.69031903379188e-33
"3833",78.210277897312,2.52361030237625,0.20451386277428,12.3395561950807,5.54607395736723e-35,1.50853211640389e-32
"11004",113.246500265376,2.86212479710013,0.232594493831002,12.3052130338893,8.49120925587721e-35,2.27753101596529e-32
"28475",1182.65523232477,3.94765637743147,0.320996755970719,12.298119230188,9.27076871264138e-35,2.45256281340452e-32
"28933",521.43622384751,3.41321548382876,0.279093492043165,12.2296491359994,2.15869032410546e-34,5.63359831609793e-32
"10024",63.1166788042864,3.47103056684513,0.284074746905639,12.2187227293319,2.46933871151808e-34,6.35838255957829e-32
"64151",106.546828752549,2.46744789316101,0.202078085677288,12.2103685062686,2.7364692830438e-34,6.95351247291342e-32
"3512",9255.72945221202,3.57730333883291,0.293811669864139,12.1754977958741,4.19824852413412e-34,1.05294253893608e-31
"28815",1841.52005116535,3.14104717415888,0.258417049597753,12.1549533169277,5.39926233999263e-34,1.33680197833254e-31
"3500",53226.9196006389,5.25236359502497,0.432538552787587,12.1431108537609,6.24074015305354e-34,1.5255844789338e-31
"57405",24.6026976830744,3.83449893392067,0.318388202754021,12.0434705204298,2.09934114447497e-33,5.06780952276257e-31
"3538",17960.5858587685,3.65527814719572,0.304101819184025,12.0199154250496,2.79257141741228e-33,6.65804187815629e-31
"494514",18.7297046259785,3.46496949916131,0.288311574967256,12.0181421767573,2.85314276147783e-33,6.71949914751948e-31
"28793",2431.60623516673,4.68369211351505,0.389814410197578,12.0151846391238,2.95708405878784e-33,6.88038642690491e-31
"28784",582.766838432433,3.72414633698523,0.310022756899155,12.012493451236,3.05492844859957e-33,7.02342597611367e-31
"28465",560.077842001425,3.41231540938938,0.284729476313799,11.9844121991384,4.28875601483761e-33,9.74405366571104e-31
"150468",43.5542748213809,3.23535710894144,0.270077326291075,11.9793732905018,4.55755939451208e-33,1.02343705845136e-30
"701",76.9332283237972,2.78424770362018,0.232795555750375,11.9600552280547,5.75236502217318e-33,1.27689279664607e-30
"9700",62.508631831158,2.76685271801839,0.231391355571331,11.9574593060606,5.93501299493853e-33,1.30246557907106e-30
"6035",306.817316787692,5.13898663389912,0.429928928433096,11.9531073487623,6.25422475093355e-33,1.35709649876437e-30
"28913",1835.49687227159,3.23195114979895,0.271200662351849,11.9171948983144,9.62964007655738e-33,2.06630676842751e-30
"3161",42.1999737076188,3.11302595464877,0.261886645471669,11.8869213397349,1.38415142576979e-32,2.93744311367761e-30
"23397",112.397119997608,2.05203387484229,0.172997605934844,11.8616316321461,1.8728940252055e-32,3.93144884943137e-30
"91319",307.299460149269,2.30131794255577,0.194086051061188,11.8572042141775,1.97458774013475e-32,4.10034821908412e-30
"28476",844.457566799106,3.1648071721754,0.267887484570091,11.8139418765842,3.30685987412717e-32,6.79383807331319e-30
"28833",370.248952575403,3.51349693234317,0.298090297743542,11.786686648104,4.57175420848893e-32,9.29365444993033e-30
"993",32.2408785293134,3.1125684057114,0.264264724173284,11.7782213098954,5.05484867148069e-32,1.0168670577462e-29
"10721",70.6336595367496,2.33926959623038,0.198673550676414,11.7744389641499,5.28676631623935e-32,1.05255702164138e-29
"54443",51.2448434212362,2.86176822960301,0.243482015319969,11.7535097031387,6.77454587806702e-32,1.33500030609419e-29
"891",176.80795073321,2.26634036238575,0.19306245293643,11.7388975842547,8.0529286648694e-32,1.57089048864604e-29
"8331",38.2423206547195,3.20277381633878,0.273701505112741,11.701703339262,1.24920500352598e-31,2.41246470280938e-29
"28813",1108.98320948086,3.73732614253397,0.320078336440724,11.6762858245675,1.68498439532166e-31,3.22182362796554e-29
"28393",110.992177617267,3.48328867520838,0.298846529064905,11.6557775862669,2.14414114403799e-31,4.05957389937859e-29
"28875",620.987435185237,3.22237651312493,0.276966660388383,11.6345285335292,2.75105998817835e-31,5.15810393123304e-29
"55507",37.0857644416486,3.41364258116268,0.293870127764725,11.6161605370644,3.41124732992678e-31,6.33442388803327e-29
"28876",240.327428265147,3.10187889323894,0.267834029035581,11.5813472410814,5.12344613120744e-31,9.42323730341696e-29
"28820",639.192824784732,3.65703984443921,0.316213870923737,11.565083573836,6.19309680874999e-31,1.12831212802434e-28
"28949",562.030443373961,3.23359086777336,0.279830990057155,11.5555138017877,6.9232169690285e-31,1.24954360846615e-28
"28299",1916.65563567205,3.2550947606756,0.282055569726638,11.5406150774841,8.2334362773837e-31,1.47226038322994e-28
"1033",82.828681701246,2.77214649387191,0.240274536999129,11.5374126967185,8.5457089559914e-31,1.51408010420281e-28
"28946",311.3495317824,3.28752414437852,0.285719849956102,11.5061104255921,1.22897294872236e-30,2.15762959870238e-28
"608",255.361507886673,3.39090402120366,0.294790564703191,11.5027562860357,1.2776897936154e-30,2.22295002651357e-28
"56992",82.5151958283061,2.48879090619227,0.217302677937772,11.4531073883267,2.26864459597416e-30,3.91179146762973e-28
"221150",55.8183136455098,3.25432717846656,0.28499448076431,11.4189129899603,3.36415239489718e-30,5.74942575665967e-28
"28434",1326.02873922172,3.28900922572733,0.288338200329559,11.4067758693372,3.86802034851179e-30,6.55256219039119e-28
"3537",4500.21003642792,3.47766182055611,0.305126602444113,11.3974389407527,4.30600362066008e-30,7.23109060192935e-28
"100423062",5248.69216614021,3.34381286298761,0.293648378821704,11.387132040044,4.84680966815334e-30,8.06910244063597e-28
"8329",40.2796113524994,2.83966119367674,0.249492652934263,11.3817427498554,5.15589684244361e-30,8.51031451463855e-28
"28937",181.089146214179,3.14070184702743,0.276272329723727,11.3681375553178,6.02596484708872e-30,9.86215534974384e-28
"2731",148.989119844714,3.86123061178844,0.341134167999625,11.3188034913954,1.05907514550043e-29,1.71872766469785e-27
"55635",22.1953119271186,3.55632253955448,0.314298561280615,11.3151091912867,1.1046469548602e-29,1.77774516602168e-27
"9833",60.6140266058029,3.10266564062394,0.274264365321665,11.3126823347431,1.13563760836789e-29,1.81251516469427e-27
"8836",139.944634774893,2.4187426227157,0.214316950604865,11.2858204443899,1.54196098084941e-29,2.44084839853802e-27
"28914",1603.82852804689,2.90308039127472,0.257273342489665,11.2840310744256,1.57365988419244e-29,2.47077395801011e-27
"8438",65.9382502706205,2.027197463742,0.180377490318865,11.2386388132931,2.63412514186566e-29,4.10243747900884e-27
"55789",53.8277366712579,2.8561210906083,0.254693556731836,11.2139510997346,3.48291008401186e-29,5.38095676339496e-27
"3832",177.189469383713,2.28357554482177,0.204558475266262,11.1634364787348,6.15648620705324e-29,9.36173713626868e-27
"28402",176.138841727248,3.21639368854774,0.288484150637242,11.1492908065935,7.21793428378638e-29,1.08900583506627e-26
"1063",135.662186886188,2.1459580650113,0.193486434360961,11.0910001111906,1.3872801288604e-28,2.0768336316707e-26
"28398",196.735636635877,3.00396194540152,0.271462242228831,11.0658554970208,1.83701506987906e-28,2.72895654073112e-26
"4171",592.3879444825,1.75547049300175,0.158972715933709,11.0425898097745,2.38070739354197e-28,3.5096352048918e-26
"9928",36.5656807847092,2.6422768477431,0.239499480244206,11.0324951229493,2.66370589500662e-28,3.89708244275513e-26
"1870",316.818730505355,1.79886986391567,0.163152731974959,11.0256803066698,2.87337610849164e-28,4.17222852685643e-26
"5888",109.54807138102,2.16321700804536,0.196352276741822,11.017020245147,3.16358719671311e-28,4.5593429808152e-26
"157570",33.2393761401984,2.60333848532701,0.236620469086518,11.002169403929,3.7304759511106e-28,5.3365149309517e-26
"28825",1527.82104368748,3.10329167690418,0.282558532331979,10.9828277040246,4.6222471590727e-28,6.56359096588323e-26
"283710",49.2158472735396,2.23064729734578,0.203967683220838,10.9362780521002,7.73088865956851e-28,1.08977315177801e-25
"147841",38.8384827389473,2.85748490557467,0.261712424756392,10.9184151582963,9.4123837971439e-28,1.30771191288089e-25
"10549",530.261945099202,1.13742126389188,0.104407543106745,10.8940525755787,1.23040444125429e-27,1.69725504067878e-25
"4751",33.380255505063,2.8310784060519,0.260358867130564,10.8737545114305,1.537410994238e-27,2.10570788090243e-25
"7345",28.7344259916978,5.15883860340448,0.475615588823053,10.8466558385322,2.06855766036709e-27,2.81323841809925e-25
"28821",112.111623754909,3.60655687214096,0.332779778440133,10.8376683494601,2.28213360211527e-27,3.08199749119231e-25
"83540",49.7697884447408,2.17191359196884,0.200581992781389,10.8280586998453,2.53472053856288e-27,3.39934187782822e-25
"81624",27.1251240062421,3.06372276771332,0.283828194725532,10.7942862078096,3.66297690193619e-27,4.87857999518563e-25
"11332",252.796695848937,1.5580862100998,0.144448885507466,10.7864190479979,3.99036490189881e-27,5.27821417708697e-25
"28775",205.841495799936,3.57546675841183,0.331639769048485,10.7811761197105,4.22449412835178e-27,5.54989323855303e-25
"55799",101.402471823666,-2.30752155664172,0.21421067520707,-10.7722061676483,4.657060793148e-27,6.07683500251853e-25
"28940",291.865686907534,3.54897631124826,0.330514842858306,10.7377214304706,6.76944995587826e-27,8.77393406361886e-25
"3502",11506.2105721859,4.60150334217298,0.428942577923122,10.727550910084,7.55725610597334e-27,9.72971532790381e-25
"28444",1032.72372745548,3.07714004022123,0.287445686499592,10.7051181657777,9.63077141009353e-27,1.22681162638192e-24
"80178",30.9510971751668,2.40165669373901,0.224408662606766,10.7021567966271,9.94363638387571e-27,1.25510788134253e-24
"28903",183.455442324613,3.58362760417513,0.335100285372453,10.694194426579,1.08357128271954e-26,1.35882653323895e-24
"1719",137.695056217534,1.64189700877339,0.15405592556762,10.6577984762599,1.60348141909125e-26,1.99783439777356e-24
"654",287.542043672286,2.05830777162253,0.194298242881676,10.5935480480696,3.19256697217008e-26,3.95223419016337e-24
"28907",25.4661915597319,3.46292699825243,0.327368400568857,10.5780734861246,3.7662239531285e-26,4.63269534922405e-24
"7272",42.3695015761712,2.53866041727929,0.240122262426487,10.5723658923816,4.00267313039443e-26,4.89238123380868e-24
"25886",90.0088447835849,1.63273639662479,0.15449974968809,10.5678902387934,4.19832995200506e-26,5.0992545932781e-24
"28822",1729.08819682642,3.7740728173286,0.357910083220345,10.5447513056097,5.37147790115197e-26,6.48337382669043e-24
"28439",1474.36994231453,3.0865094754239,0.293039646178009,10.5327368350322,6.10336881063894e-26,7.32100984292293e-24
"28823",1767.45055896362,3.43748069129596,0.326691118347136,10.5221124733589,6.83242605776915e-26,8.1449266683727e-24
"107986126",127.951323754795,1.74364743639357,0.165926055990082,10.5085812230587,7.88711274101564e-26,9.34453504628798e-24
"28450",479.112258193438,3.0339841842074,0.288777329956691,10.5063101201968,8.07930627667838e-26,9.51387578141542e-24
"983",120.271163750919,2.75146965524806,0.262126890536959,10.4967088634507,8.94443990375382e-26,1.04687892982602e-23
"55143",112.834491317958,1.84599278537931,0.176091068064048,10.4831710414062,1.03223467891749e-25,1.20087446501533e-23
"28442",2047.96348339782,3.26431052058699,0.312372672434968,10.450051520645,1.46445652495071e-25,1.6935080484939e-23
"6382",87.5503001803044,5.174526820925,0.497507950343183,10.4008927241376,2.4562114607038e-25,2.82347355530428e-23
"4830",386.648798317627,1.20927666147482,0.116293610484066,10.3984789571952,2.51922299327602e-25,2.87877126900275e-23
"28883",938.059162830839,3.10037986122384,0.298450898009992,10.3882410202031,2.80477881423671e-25,3.18622873297291e-23
"28799",72.6102322430245,3.89881433684478,0.377952614707712,10.3156167866702,5.98954784993675e-25,6.76433614491102e-23
"11339",38.1271397003253,2.13633946060603,0.207188951769861,10.3110684346674,6.2799230443516e-25,7.05103917630919e-23
"28921",934.603898396158,3.09712872150993,0.301168435046969,10.2837095827354,8.34524103578776e-25,9.31579739208863e-23
"28809",893.057113876978,4.00236377595978,0.390619156346049,10.2462045471577,1.23082091305087e-24,1.3660697398183e-22
"122509",78.7734407033534,1.39571322730822,0.136387058275533,10.2334726253027,1.40392922305075e-24,1.54929606603178e-22
"28826",125.590789597273,3.23457810765409,0.316118581620173,10.2321669642961,1.4229906583646e-24,1.56140884058734e-22
"102724638",178.153470948265,3.70751674199224,0.366021454589165,10.1292333974075,4.0984996530668e-24,4.42180029609084e-22
"57082",83.7651719525607,2.05285910288923,0.202705002301487,10.1273233496032,4.17933248229869e-24,4.48395938323068e-22
"3159",1079.05530189431,1.00250114192463,0.0990161804740875,10.124619401846,4.29646975254674e-24,4.58416706415374e-22
"4998",76.7550007081987,2.55229973189634,0.25233604140047,10.1146856300472,4.75541206344741e-24,5.01838894914188e-22
"28400",111.532049820195,3.12313658315154,0.309632974807759,10.086576163571,6.3340356776541e-24,6.6479835329813e-22
"29089",76.7597585768282,1.60529272570948,0.15961078515951,10.0575454478543,8.50934360634616e-24,8.88283479598687e-22
"51303",1066.89654275939,1.23756390658726,0.123556214645319,10.0162012096261,1.29380545690022e-23,1.33614818094423e-21
"28931",57.8892284986421,4.37141181103866,0.437232204544652,9.99791818992653,1.55634377218017e-23,1.59872930469911e-21
"1869",291.597696052685,2.71534848593427,0.273454294953946,9.92980741586662,3.08851471485815e-23,3.13923137754425e-21
"28231",140.648181327458,2.66204460680013,0.268822259993849,9.90261969697393,4.05511135369907e-23,4.10012096663018e-21
"8336",60.9540377226641,1.89777726566297,0.191913098862005,9.88873233206227,4.65889869786366e-23,4.68607560693453e-21
"89891",284.262765438272,1.28156060503848,0.129715594997388,9.87977278340571,5.09483002928113e-23,5.09799779924753e-21
"28930",1040.68267634373,3.36266046521101,0.340551096254577,9.87417307474257,5.38754794066828e-23,5.36310957887556e-21
"79174",1027.4681778923,1.06740063996119,0.108253297733435,9.86021361297991,6.19175225243395e-23,6.13205741020536e-21
"28919",773.805125791921,3.95333733045681,0.401037552253047,9.85777343853907,6.34405685987931e-23,6.25083806520353e-21
"28413",21.9496244507665,3.38428415544947,0.343966242165674,9.83900086863582,7.646642938612e-23,7.49603900662309e-21
"9156",52.5499759845497,2.69507214655943,0.273981928485352,9.83667850452231,7.82516784851113e-23,7.63230512578015e-21
"28423",353.680381479221,3.38316426593056,0.345872867104536,9.78152549013926,1.35157835583674e-22,1.31164227175473e-20
"28893",1018.08633771375,3.34479510565806,0.342099259786364,9.77726496031248,1.40968385496957e-22,1.36119073035861e-20
"28483",282.360551894734,4.03643616679674,0.41289850713631,9.77585556022414,1.42944440257319e-22,1.37340449266137e-20
"81618",1897.42736657709,1.76591083119945,0.181472624472507,9.73100398108245,2.22387052993168e-22,2.12610830069508e-20
"54478",17.5914871121925,2.56803452056076,0.264298487558673,9.7164177679627,2.56652071332581e-22,2.44160827663784e-20
"8727",85.6279482520109,2.18671440935519,0.225165964266217,9.71156727208472,2.69166005093552e-22,2.54810484821896e-20
"1031",121.74719710673,1.2064699794564,0.124334801949304,9.70339728331516,2.91623318822566e-22,2.74723391858604e-20
"90701",1082.70505557529,1.40767521860835,0.145306295661279,9.68764093945221,3.4029781017721e-22,3.17479773436825e-20
"3542",838.390172395882,4.69223614276796,0.485967674133338,9.65544910190986,4.66112409779133e-22,4.32767445079549e-20
"80119",60.3382035524269,1.65653784793849,0.171678723777177,9.64905732925022,4.9609653433302e-22,4.58402692394224e-20
"10403",131.382591354296,1.6418122420232,0.170236270105869,9.64431516857231,5.19568269454073e-22,4.77804877128432e-20
"79623",21.7913580026066,3.43669752952708,0.356692725220672,9.63489661136467,5.69492995729468e-22,5.18775883656957e-20
"96610",825.174283518214,1.95816627360285,0.203272252387463,9.63321973660396,5.78866618974102e-22,5.24839067869853e-20
"7253",23.7213241632765,2.42715128134907,0.252140321445955,9.62619254005084,6.19837107809837e-22,5.5935954327213e-20
"28938",234.773954051625,3.11532468828289,0.324275233442472,9.6070386110309,7.46655219926271e-22,6.67565074408155e-20
"28778",1051.45985378917,4.11982593875646,0.428862493581083,9.606402985617,7.51277134492484e-22,6.68602028632205e-20
"9401",214.477589913719,1.49240280280978,0.155472577086334,9.59913851547627,8.06153813821668e-22,7.14148736354315e-20
"28881",464.763227479187,3.9566322931101,0.414199316614221,9.55248387528182,1.26623325639881e-21,1.11659802043716e-19
"28791",149.405991319915,4.37275930279695,0.458033653998681,9.54680789200163,1.33754009493108e-21,1.17411701424132e-19
"28900",111.42068195241,4.00998107890923,0.420515936372527,9.53585995693839,1.48648396702232e-21,1.29310713383491e-19
"3494",8027.58914068495,3.68472004633798,0.386834134363798,9.52532292011409,1.64529593793972e-21,1.42484103827318e-19
"146909",33.6102799785415,2.97810576566061,0.313106477217364,9.51147926458627,1.87970280126216e-21,1.62057234365959e-19
"28443",45.694490550313,3.60965186988363,0.381911911832778,9.45152994197293,3.33913842732395e-21,2.85862227070608e-19
"28388",540.34407794414,2.70723548947115,0.286439441196581,9.45133630397355,3.3453222513441e-21,2.85862227070608e-19
"102724971",44.5403039860542,3.30024222388984,0.349730244014963,9.43653653170654,3.85304958573747e-21,3.27797769161947e-19
"168620",41.5813488199141,3.54491921340048,0.376658566972726,9.41149232816248,4.89141990146677e-21,4.14311847092659e-19
"2171",197.346323225526,1.40349178528793,0.149359384497102,9.39674323119059,5.62780576319882e-21,4.72539934343025e-19
"90381",19.0063998774857,2.52524106031012,0.268943192573788,9.38949610935881,6.02879809978772e-21,5.04017960619482e-19
"28452",739.359932077365,2.74309813261849,0.2921698226353,9.3887113592924,6.07387966327155e-21,5.05598120935777e-19
"714",113.331178082622,3.54178555276485,0.377944852911545,9.37117022623874,7.17327371672114e-21,5.94550480761024e-19
"4175",653.924606717781,1.10230045430683,0.117644612254141,9.36974871340123,7.27054163878965e-21,6.00037180035494e-19
"8347",113.015585931977,2.04653180645676,0.218655316758233,9.35962517078699,8.00200614131712e-21,6.57594649366452e-19
"28877",22.7013943066149,3.26429815121343,0.348846364046535,9.35740912804233,8.17158443948872e-21,6.68684909726298e-19
"653820",25.8728933217002,1.92829672595334,0.206148052330273,9.35394103488295,8.4441327187717e-21,6.88072114197971e-19
"28942",249.544666470627,3.01277458493808,0.322637134583524,9.3379659747695,9.82024675456697e-21,7.96842879513434e-19
"6491",87.4305743552741,1.75374020895243,0.187826098235925,9.33704221843328,9.90627712170464e-21,8.00460350520335e-19
"28445",568.530848608475,4.9360606002404,0.530061155118465,9.31224737480946,1.25155624851976e-20,1.00708559464223e-18
"713",381.171787179297,2.91462415340363,0.313023175785876,9.31120881412748,1.26385638184095e-20,1.01276325502541e-18
"28894",50.8968956216382,4.22839656725317,0.455492617351606,9.28312865275085,1.64573617283035e-20,1.31332466816941e-18
"10615",334.410375318894,1.73090209381812,0.186506234914242,9.2806661107818,1.6842230240957e-20,1.33850679182454e-18
"23753",990.593496455498,1.22046366006945,0.131894785481492,9.25331244608386,2.17641089870691e-20,1.72257570802573e-18
"79586",418.199358117304,1.52559069198133,0.164897129859597,9.25177226116854,2.20800755657514e-20,1.74045069112568e-18
"3007",426.417843290829,1.42064477108132,0.153611306475745,9.24830862828208,2.28072975406601e-20,1.79046556953344e-18
"28474",1499.61466720595,3.60438915096486,0.389956585442776,9.24305239485122,2.39563621224328e-20,1.87305775428511e-18
"1191",5059.96517841828,3.22355553639558,0.348986626501852,9.23690276818808,2.53735461106864e-20,1.97586259068377e-18
"28479",539.085209960691,3.42949433353989,0.371614509802237,9.22863409010852,2.74104857823133e-20,2.11740520571213e-18
"10733",95.2039960736253,1.45226061662182,0.158106520321563,9.18533033089438,4.10266150378189e-20,3.14407138734269e-18
"102724977",27.5425061199471,3.28656760987396,0.358823109418646,9.15929750232295,5.22362500373649e-20,3.9872982637217e-18
"7046",977.80055602297,-1.09282218719165,0.119475918340247,-9.14679880575994,5.86456020551373e-20,4.45891286176698e-18
"28947",786.385460510494,2.76754195420948,0.30272810333864,9.14200539589031,6.13047787388938e-20,4.64281524315889e-18
"857",42.7260817920779,3.35714667974812,0.367249289632978,9.14132926738453,6.16893327492525e-20,4.65368903927173e-18
"2237",535.232164839428,1.17790794988623,0.128919932581625,9.13674034959989,6.43630729887761e-20,4.83649675314881e-18
"28412",99.9669168179888,2.77661455870862,0.303957814064831,9.13486816337084,6.54865176014846e-20,4.90184351906927e-18
"2003",24.7235671706266,4.72910601312525,0.517995265645526,9.12963172980324,6.8732702943759e-20,5.12496509362885e-18
"7504",150.780674140569,3.35948584219974,0.370573719371075,9.06563435718361,1.23881283612842e-19,9.20152057358158e-18
"64943",179.272073928254,2.1198225618389,0.234102172794648,9.05511698816391,1.36421470665518e-19,1.00556161889026e-17
"28901",83.2247573229393,3.46715954709408,0.383713187000132,9.03581024723262,1.6279190581802e-19,1.19537539359605e-17
"4173",742.025506729762,1.63999985980749,0.181602599861359,9.03070694505208,1.70566297128337e-19,1.24771830687214e-17
"28457",414.752971247498,3.15917491345756,0.350542141484858,9.01225427583584,2.01863645202215e-19,1.4710908362812e-17
"28831",290.463703961897,3.19523285358422,0.355521828786552,8.98744491861447,2.53044499922284e-19,1.83714112124028e-17
"3149",121.590362161131,1.83269760068142,0.205486847407203,8.91880732906303,4.71336550374252e-19,3.3838109519805e-17
"1062",79.6276481264292,1.70583343798539,0.191288688673027,8.9175865536995,4.76559765078087e-19,3.40863784562519e-17
"144455",18.9574903626846,2.79220401315729,0.313868375875108,8.89609858072589,5.78442039287489e-19,4.12209323347601e-17
"8343",15.5767273175552,2.43147126629757,0.275403626071518,8.8287554560598,1.05846859367044e-18,7.32657544120554e-17
"85235",20.1740367360863,2.66625325419155,0.30223234805184,8.82186592989784,1.12567981874603e-18,7.73634471872716e-17
"1111",88.143296670336,1.39625627104732,0.158876952330624,8.78828710247223,1.51857483669093e-18,1.03995451227571e-16
"105376995",57.9568407846247,3.52424954866341,0.402711810313114,8.75129424668044,2.10919621689888e-18,1.4292209593246e-16
"2766",471.220562631116,2.72826214196338,0.311788998522211,8.75034768671937,2.12696402679064e-18,1.43622130368465e-16
"28935",192.807412294334,3.1423641807639,0.359316700231774,8.74538861883388,2.22249369840893e-18,1.49549819873426e-16
"28781",96.4522100347764,2.92749497980129,0.335273689195678,8.73165737169641,2.5096751572957e-18,1.68287661936439e-16
"28448",463.983404873154,2.75603243595476,0.316674036765125,8.7030577691435,3.23059360366662e-18,2.1513525404831e-16
"8362",67.5043139325055,1.49456731811755,0.172842483408931,8.64699053520033,5.28753541230686e-18,3.48508136117645e-16
"27077",40.4660455593546,1.14951883925984,0.13297801458201,8.6444277490014,5.40756187536185e-18,3.55206921554381e-16
"3479",13.4825830624683,3.7706301095323,0.436444590520664,8.6394245487934,5.64968615318404e-18,3.69853352509458e-16
"84057",8.68229969477171,3.14245131416611,0.364358248751811,8.62461965642679,6.4306012917939e-18,4.18140646960013e-16
"1667",11.8614998005809,6.3453038265321,0.735754835041291,8.62420948436716,6.45368896724577e-18,4.18233695756545e-16
"728358",11.8026462089999,6.33799562142835,0.735054084471353,8.62248881452934,6.55143647968444e-18,4.23148298647712e-16
"28447",48.9764461883347,3.39268368759436,0.394932782097736,8.59053449443648,8.65656759814971e-18,5.57252111518224e-16
"10398",671.245945044754,3.75768887106896,0.43766295593768,8.58580517288292,9.02024213437698e-18,5.78733940528532e-16
"196410",176.938308678207,5.57606735631357,0.650795850131178,8.56807454317605,1.0522967440815e-17,6.72912408003374e-16
"28803",909.560756640196,4.49562665289677,0.525166937798986,8.56037638572275,1.12499635015171e-17,7.17027376703952e-16
"3148",3751.37816519808,1.00450492965377,0.117470867246474,8.55109826971944,1.21922762040857e-17,7.74530388333231e-16
"3008",638.237656593021,1.44546068911311,0.169546666568798,8.52544445942601,1.52224168352242e-17,9.60703640267482e-16
"28923",140.998872735931,4.13336743566938,0.48606404143566,8.50375070630794,1.83561499481946e-17,1.15095444090758e-15
"56005",1939.87406726178,1.07012168405974,0.125852634633707,8.5029740312892,1.84794256171414e-17,1.15493419908814e-15
"3047",205.522376820098,5.49045817522087,0.645807946143875,8.50168878844624,1.86852191111294e-17,1.164028875723e-15
"3925",1256.22828326446,1.4596385966931,0.172181867900122,8.47730724782121,2.30465740149544e-17,1.4219662536e-15
"554282",30.3550942564125,1.40275984494657,0.165555725790806,8.47303733076004,2.39075924058529e-17,1.47039307178927e-15
"387103",95.0859124252073,1.4343761218565,0.169815769729996,8.44666030803342,2.99754291089262e-17,1.83191609794804e-15
"340205",890.185699223691,2.94846985106528,0.350143469576751,8.42074779983575,3.74088780989184e-17,2.27182469762991e-15
"28904",107.941242827387,2.73012233073867,0.324512302831843,8.41300100771026,3.9965153189717e-17,2.41710583233879e-15
"541471",463.1914240787,1.11467606332833,0.13249844828092,8.41274805698117,4.00514636675855e-17,2.41710583233879e-15
"25893",1226.30044045928,2.9103014225998,0.346462859173787,8.4000386925745,4.46331547884549e-17,2.68521958029483e-15
"100500842",265.175713850441,1.09930098208234,0.130930253844802,8.39608073612535,4.6162829009224e-17,2.76862283796936e-15
"28414",95.4226391171449,3.38467923171612,0.403182554503599,8.39490497271978,4.66271201587017e-17,2.78781097369922e-15
"2812",990.601139539604,2.8219716879738,0.336265020772269,8.39210596895519,4.77510195347078e-17,2.84619657177246e-15
"9493",93.544924557458,1.83737930748132,0.219055919539201,8.38771812853252,4.95668915288905e-17,2.94534095140287e-15
"7873",420.440376821486,1.21935468678016,0.145690138566598,8.36950735840479,5.7859615474287e-17,3.42756102466083e-15
"57105",185.481904766076,-1.94466377451006,0.232957792830104,-8.34770861659179,6.96000245390987e-17,4.11044548592989e-15
"92092",39.7419028837513,2.03737130285965,0.244930079609999,8.318175154737,8.93279388573773e-17,5.24346855688046e-15
"28797",1925.20136217918,3.96518664235958,0.477322071240679,8.307151253352,9.80269629510233e-17,5.70209851960892e-15
"85236",405.980600656985,1.26791823871099,0.152736067016199,8.30136760413319,1.02919701946916e-16,5.93466358430257e-15
"116173",186.053914958478,2.85738772161973,0.344208171204443,8.30133611186872,1.02946991546259e-16,5.93466358430257e-15
"55723",295.967312936656,1.2152772067874,0.146485374273882,8.29623580382303,1.07462127761371e-16,6.17651372418925e-15
"55247",18.5446063021892,2.18683937603106,0.2638789767431,8.28728155240675,1.15866136557106e-16,6.63978287593718e-15
"283383",69.2212406492978,-1.66404253380283,0.201725783303646,-8.24903245659009,1.59682066613884e-16,9.12360967587969e-15
"100127888",11.0862119583253,2.68258414409079,0.327199231379542,8.19862605660912,2.43150006347559e-16,1.36503282633258e-14
"9232",194.899094904028,1.57038356174529,0.192128968709288,8.17359075154073,2.99344004377753e-16,1.67078942559051e-14
"28783",99.1872821172564,4.71177126681595,0.578044846530732,8.15122095646162,3.60268168853207e-16,2.00504290400379e-14
"374393",74.242717470531,1.78334697408607,0.218868197479687,8.14804066840997,3.69867977789393e-16,2.05255470892781e-14
"3048",365.390425578906,5.17846583603364,0.635708448735389,8.14597610954382,3.76234417428989e-16,2.08190231214574e-14
"8363",63.9181185444507,1.48892534427145,0.182861437501294,8.14236924207118,3.87617016892086e-16,2.13875995149142e-14
"952",858.764307296456,1.7010665392695,0.209008870464695,8.1387289232628,3.99449193596629e-16,2.19776718710487e-14
"6790",92.1918406919319,1.36793936893577,0.168407517265014,8.12279280136354,4.55576708451329e-16,2.49237886504591e-14
"151473",24.5037923687982,2.57389602184838,0.317115764756285,8.11658172789522,4.7949784664706e-16,2.60846828576e-14
"28385",185.321743299656,2.83059274507585,0.348740543820097,8.1166150458722,4.7936628211638e-16,2.60846828576e-14
"9265",208.471889199541,-1.04470755024173,0.128964372040882,-8.10074545170163,5.46234358983597e-16,2.95486777050175e-14
"79733",25.5414675251548,2.83146199234797,0.351290095319,8.06018168481743,7.61811373058149e-16,4.07537430373933e-14
"8349",797.991692816401,1.72537793042824,0.214141480114524,8.0571869098201,7.80702299754196e-16,4.16489580465553e-14
"4085",179.580468381854,1.44045610255977,0.178936128040033,8.05011329091408,8.27174320449028e-16,4.40065853347428e-14
"1950",110.853284877667,2.82089138540696,0.35069198867407,8.04378621842047,8.710442386632e-16,4.62132042227025e-14
"22885",253.659501069733,2.81419755539584,0.349968765331106,8.04128206336734,8.89033506541493e-16,4.70383974748748e-14
"22949",20.2436491690231,2.68644613880097,0.334701195235366,8.0264013903859,1.00373442689771e-15,5.26742370985018e-14
"65244",116.812569985337,1.13993080582221,0.14204714606786,8.02501730853241,1.01511629783544e-15,5.31271705793985e-14
"56938",56.343316871108,2.0758211102216,0.259264662770365,8.00657169411547,1.17950396813467e-15,6.1563731439505e-14
"28943",179.93268913714,3.46705931133318,0.433962658349332,7.98930332974008,1.3570342541952e-15,7.0260175648841e-14
"51162",101.452126670895,2.48069251068691,0.310496053548527,7.98944940631655,1.35542737577947e-15,7.0260175648841e-14
"2621",515.452985105225,1.81586787004782,0.227332094373674,7.98773211081673,1.37443713093821e-15,7.09709354884456e-14
"100526833",1181.35434173079,2.61338962076247,0.327758475545902,7.97352262640867,1.54214363440567e-15,7.92071219884105e-14
"6678",3590.50572649509,2.63143977370466,0.330537847693169,7.96108461427197,1.70537710793413e-15,8.68977380169495e-14
"729533",54.801745983084,1.21499502543127,0.152634001293282,7.96018590311796,1.71780988985134e-15,8.7300906823182e-14
"9509",251.471108985052,6.32947381511252,0.796365586816058,7.9479499364335,1.89623249402344e-15,9.6115595602574e-14
"5427",33.6212099161593,1.95777386091125,0.246544887669573,7.940841440343,2.00814250660788e-15,1.01256522421962e-13
"9601",4500.20815073509,1.04117103935398,0.132076002207675,7.88312049085838,3.19304898107807e-15,1.59338919696588e-13
"23457",108.212312736447,1.35741621674525,0.172605943702271,7.86424955960186,3.71316644384706e-15,1.84816160730862e-13
"8970",35.1148980139917,2.76440807680862,0.351948299574147,7.85458568816362,4.01095781622927e-15,1.98614403453897e-13
"55289",38.2197948419229,1.72522796272243,0.219753938734273,7.85072601046107,4.13635729057727e-15,2.04300081830251e-13
"153364",57.8942712597654,-1.09198011493912,0.139149936125907,-7.84750712318739,4.24388316391455e-15,2.09076203218157e-13
"759",600.450118840626,7.13025215940608,0.910175623582055,7.83393004016578,4.72851953597011e-15,2.32359209360445e-13
"83881",13.6337998156685,3.32322418395962,0.424636910837158,7.82603701926897,5.03489136379945e-15,2.46786350298718e-13
"151648",45.4230202557617,1.34903079477043,0.172605984835164,7.8156663922096,5.46730016121148e-15,2.66627527053829e-13
"3674",5100.62629102657,3.11065029829872,0.398319226975412,7.80944048802026,5.74424131953822e-15,2.78725598901815e-13
"3493",43536.0286335694,3.27331539230519,0.419776551551694,7.79775664030174,6.30173868772186e-15,3.02734272480808e-13
"79682",117.701681561528,1.58662092304314,0.203746477099098,7.78723119846355,6.84935524321383e-15,3.27412743705311e-13
"10661",59.5444405441152,3.26248537561104,0.419037201085702,7.78567002442294,6.93447189280753e-15,3.30663015293578e-13
"29968",133.964792996991,1.50990859847053,0.194283216933735,7.77168827189803,7.74468568079507e-15,3.66825926567078e-13
"7161",31.0955972568652,1.91623309298573,0.247148298990133,7.75337358507263,8.94828666627431e-15,4.2148612707095e-13
"6536",21.6626573511465,3.19882027349623,0.414345298394945,7.72017997039558,1.16165566807975e-14,5.45836843356595e-13
"54498",609.4184208254,2.38136191147633,0.308688348323904,7.71445350757972,1.21501714943157e-14,5.69524543442293e-13
"2597",33733.7598890212,1.01257566456628,0.131326877458539,7.71034600199001,1.25477081304105e-14,5.86734478001182e-13
"28454",210.91025468636,4.16687728612608,0.541076601272663,7.70108571748473,1.34914945936567e-14,6.26316691328604e-13
"11113",47.9984611070666,1.72532614799321,0.225989648904238,7.63453616729284,2.26634863540094e-14,1.03714987788775e-12
"79739",23.9306651090893,2.57342860598643,0.337473541727794,7.62557145313085,2.42955691745349e-14,1.10659441485523e-12
"107984634",20.7315553985868,2.71916618523826,0.357942503532844,7.59665632999842,3.03880145301536e-14,1.37115265562226e-12
"3503",3358.15907686928,3.40243435198111,0.448354387692084,7.58871652733284,3.23089712950154e-14,1.4544308942875e-12
"100500808",18.4749168958823,1.44255204774518,0.190299533174151,7.58042872561878,3.4441493325128e-14,1.54323461506931e-12
"26227",187.254307847253,1.43652537923558,0.189568950876839,7.57785160803509,3.51323893807092e-14,1.57054792527837e-12
"284403",88.0536850072533,1.33105229481173,0.175708927108038,7.57532537884835,3.58228653650886e-14,1.59771634164109e-12
"4493",54.138081975257,2.00783661746275,0.265092492678992,7.57409837288036,3.6163032002382e-14,1.60917159914747e-12
"28824",110.768007904872,3.68056329481716,0.486271687000014,7.56894426143518,3.76269542682461e-14,1.67046377201924e-12
"55766",535.321814083881,1.11529601626489,0.147743665915481,7.5488584187623,4.39089876749907e-14,1.94043562924352e-12
"8355",4.20034444593354,4.4635995572022,0.591750249689239,7.54304634353139,4.59117903164526e-14,2.02431163148706e-12
"102723407",1182.08027863349,3.74604487037496,0.496880904173791,7.53912021755767,4.73152639151401e-14,2.08144049368835e-12
"55839",153.852622072103,1.01039103331978,0.134120247002892,7.53347131323126,4.94088713375613e-14,2.16860028016133e-12
"7008",126.119683247978,-1.02931062416166,0.136793393098574,-7.52456387582941,5.28965887020483e-14,2.31641478687972e-12
"28885",50.7266187616514,4.01969345170705,0.534927204331225,7.51446817279099,5.71427480994052e-14,2.4798668568443e-12
"28915",27.8450087071053,3.38419288999952,0.450497186332429,7.51212880495613,5.81735077472936e-14,2.51330376200388e-12
"28817",522.921518043623,2.49517353167638,0.332150521403682,7.51217707300795,5.8152056586326e-14,2.51330376200388e-12
"160428",19.7336251149217,2.24237005344624,0.298594478451862,7.50975056562454,5.92401288263224e-14,2.55367269619183e-12
"6403",646.016170174834,2.53089266898233,0.337047814467282,7.50900186960865,5.95798749066401e-14,2.55879591497188e-12
"28878",45.734876518631,3.44563221192458,0.458872793329412,7.50890499941028,5.96239727494483e-14,2.55879591497188e-12
"28426",166.649526301604,3.4640325670298,0.461835368990841,7.50057877680326,6.35366585299223e-14,2.71464590603951e-12
"5352",29.9443836409924,2.62495984485637,0.350071063224017,7.49836282005579,6.46198309789817e-14,2.75483041030043e-12
"1769",15.0372596812298,1.80181972307322,0.240630472340717,7.48791167446972,6.9978091667998e-14,2.96363356643065e-12
"8337",559.949615044371,1.22231727712182,0.163296117901549,7.48528068412959,7.13943873594354e-14,3.00385274223402e-12
"28796",1042.22850553977,2.9598289971061,0.395481088270145,7.48412271760591,7.20266303574579e-14,3.01730647605906e-12
"723790",559.887390164674,1.22303547314841,0.163424387641922,7.48380025035306,7.22036732164221e-14,3.01817605444923e-12
"286151",7.29684033404841,2.48613484232469,0.332516298934757,7.47673076564736,7.6194289814942e-14,3.16443897829282e-12
"101927096",40.0482012234807,2.70519954591119,0.361855134845673,7.47591863540896,7.6666383040304e-14,3.17721285252007e-12
"28776",128.128296857354,2.66101382231075,0.357642091771086,7.44043803438544,1.00351981850421e-13,4.13607902117376e-12
"4129",48.9951317954196,4.5739284463613,0.616055827139707,7.4245356424882,1.13176264589639e-13,4.64046713748429e-12
"285286",314.84811059917,-1.16197286358555,0.156537746734334,-7.42295636564627,1.14534518611505e-13,4.67630152944055e-12
"388931",113.626323869878,2.53988746957984,0.342385314036695,7.41821382358598,1.18710344466876e-13,4.83585346063829e-12
"7041",65.8149060055343,2.69840236603841,0.36376637996485,7.4179542548686,1.18943164550704e-13,4.83585346063829e-12
"10954",213.732564711666,1.22523403658118,0.165203300412492,7.41652275421811,1.20235232709696e-13,4.86999973907026e-12
"5197",290.129743239867,2.83270923781341,0.382061527276944,7.41427502005474,1.22291913612339e-13,4.94079798259724e-12
"8352",4.91212789736426,3.66616883686643,0.494960582029461,7.4069915261418,1.29196713907157e-13,5.20886626090818e-12
"8476",51.6449587528317,1.84822614323933,0.249618336403353,7.40420823994603,1.31935253116826e-13,5.29715926859075e-12
"7184",9197.8017956357,1.06154245752481,0.143380817791368,7.40365743393548,1.32483925985254e-13,5.30815265275359e-12
"80739",1262.14425788757,2.47084337625343,0.333907367213529,7.39978694352487,1.3640317037003e-13,5.4313773735794e-12
"8345",69.6426327837575,2.70949383223108,0.366177166201855,7.39940685088341,1.36794139256512e-13,5.43573748420117e-12
"8969",53.6484422480906,1.73022869177524,0.234452199917404,7.37987825400994,1.58434341482177e-13,6.26984426783565e-12
"6622",941.26026675613,2.57323332149158,0.349040485442418,7.37230616164753,1.67701331742644e-13,6.62300228755408e-12
"1668",9.04421541727837,5.7742689514734,0.784289683444214,7.36241859782684,1.8060756446214e-13,7.08921399368466e-12
"79744",108.178718491057,-1.1443006850804,0.155483307257635,-7.35963689776868,1.84411150938233e-13,7.22382991261493e-12
"306",33.124431894224,4.07620628729972,0.553922355815125,7.35880443262012,1.85564653451109e-13,7.24138883479787e-12
"28449",221.234071707093,3.88093638096107,0.527389111724139,7.35877228916145,1.85609334777597e-13,7.24138883479787e-12
"28420",199.362519089426,2.5323358945011,0.34454295492709,7.34984087843845,1.98442949700447e-13,7.72647226736902e-12
"6005",14.0941351921468,5.62406791054865,0.7664905576118,7.33742621444925,2.17740364903831e-13,8.46076846483456e-12
"4192",18.1274665788445,1.6553374985626,0.225709299514856,7.33393574000101,2.23490288373219e-13,8.66675592181445e-12
"93035",63.020117453789,1.8767724062915,0.256180522458671,7.32597618382278,2.37165912531624e-13,9.16029620562146e-12
"28916",30.5804119044481,3.42862567033782,0.468430379077953,7.31939221595031,2.49096559253056e-13,9.60190170118766e-12
"28818",33.9004925050922,2.3390154228564,0.319598553470368,7.31860453515244,2.5056279758257e-13,9.63918077074618e-12
"105374986",74.0815805393452,2.85348175158884,0.390436271410127,7.3084443237894,2.70252877851831e-13,1.03759912069077e-11
"10635",52.288328870421,1.4686417193142,0.201248356443864,7.29765820335466,2.92819337669156e-13,1.11978753446866e-11
"2038",182.792019690947,5.54089377910967,0.759510916671683,7.29534448746423,2.97895879644187e-13,1.13247347001743e-11
"3501",8155.98202742738,2.75602620365584,0.378213316967441,7.28696235699467,3.17021435831742e-13,1.20045450368286e-11
"28804",91.010024703154,3.01574484516306,0.413874943989546,7.28660888744025,3.17853912368953e-13,1.20055323119982e-11
"28874",888.731521295459,3.10726080897462,0.427262913028564,7.27247957691776,3.52947958382451e-13,1.32352057714211e-11
"2994",30.3866475058302,6.06088909677101,0.834812659391953,7.26017871025763,3.86579232972345e-13,1.44123902454863e-11
"84842",18.4470809462124,1.80792234811429,0.249058971306987,7.2590131510897,3.89924568834931e-13,1.45091007193453e-11
"6036",1344.38994688933,2.53740450015293,0.351441607848742,7.21998887862194,5.19918261066083e-13,1.90164042759625e-11
"83982",354.349971228601,1.00188467740093,0.138998230166503,7.20789520989436,5.68233303418944e-13,2.07442751524133e-11
"55010",62.6503662417453,1.3295059490811,0.184542030282122,7.20435310616552,5.8320055401673e-13,2.12505077342851e-11
"8365",47.0950233639865,2.99221709524823,0.415351580018873,7.20405853545151,5.84462560629211e-13,2.12563860091739e-11
"28451",184.845869405273,4.1083890591615,0.570703184741129,7.19881922688948,6.07362093035836e-13,2.20477006404287e-11
"3934",58.4472181193345,2.74870285728147,0.382851015164772,7.17956267165305,6.99347598424676e-13,2.50571443799209e-11
"28394",1288.16684528225,3.62566994415631,0.504987755815792,7.17971852267813,6.98550872412477e-13,2.50571443799209e-11
"57282",60.7138240570579,-2.85898125734348,0.398367861440218,-7.17673671517429,7.13949867738249e-13,2.55329626773353e-11
"102724765",282.123178061367,1.89051605181522,0.263727917658694,7.16843354544606,7.58607413062286e-13,2.68811492863465e-11
"3956",3984.87169274249,1.26512563430964,0.176481652381494,7.16859581286594,7.57708960255689e-13,2.68811492863465e-11
"8991",265.749698050507,6.09536487272088,0.850879146260703,7.16360825095754,7.85807566691269e-13,2.77431731772245e-11
"2623",88.1848451330413,2.59462037488403,0.362326632908253,7.16099822433156,8.00916869421513e-13,2.82250120114384e-11
"28882",193.934622692407,3.13418255765346,0.438205428195266,7.15231340369626,8.53274783741508e-13,2.99064294439492e-11
"28898",67.4718618932834,2.86174404346195,0.400710188665856,7.14168025771939,9.21968651038151e-13,3.21390949257198e-11
"93663",432.970520178633,1.06963927746134,0.15036628527204,7.113557906456,1.13089004884877e-12,3.90693177519991e-11
"83903",13.9660057835219,2.05600667336502,0.289304004313715,7.10673424048266,1.18820916414967e-12,4.09032003173949e-11
"56953",158.872999720544,2.11450346952151,0.297529526481825,7.10686934007766,1.1870471313023e-12,4.09032003173949e-11
"1630",7.58081681571931,3.90671921753087,0.550333987778577,7.09881509099655,1.2583102867763e-12,4.32393029505765e-11
"79075",18.0032271856124,2.12705437550485,0.300417403158302,7.08033007789507,1.43811504728893e-12,4.9330155938266e-11
"79628",67.6582788465772,2.30998374708189,0.326379603326995,7.07759836562932,1.46674079043767e-12,5.02228690512983e-11
"102723168",133.306076349035,3.91547186469367,0.554404486357933,7.06248228692322,1.63554170043079e-12,5.56084178146468e-11
"107983983",13.7937223024403,2.21108649849076,0.313109495043344,7.06170376016441,1.64473339346332e-12,5.58226560537146e-11
"5468",55.6955881069225,2.88246236949431,0.408889070791099,7.04949722406975,1.79565416315146e-12,6.08380231557561e-11
"8704",73.8530913994424,1.2673042478559,0.179805135233299,7.04820941966734,1.81234742750011e-12,6.10821178357455e-11
"7138",204.571530352315,3.02364122769102,0.430063736898101,7.03068166011736,2.05526941185946e-12,6.91487158220033e-11
"84085",177.401297893188,-1.11964755548903,0.159370448511217,-7.02544019891008,2.13392394465675e-12,7.16701551638455e-11
"28458",394.058408641146,5.55578250893997,0.791147386055665,7.02243678847101,2.18031656511677e-12,7.31011692804427e-11
"28408",418.358249020569,2.4417622560706,0.348619690174954,7.00408589900706,2.48603559767101e-12,8.26339405545998e-11
"28455",97.2787412148247,2.48535783018179,0.355003648494122,7.00093602058557,2.54258041811732e-12,8.43682354547795e-11
"26002",25.7823700432148,1.73961999555915,0.248576007850354,6.99834232033538,2.59008634511855e-12,8.56502525632352e-11
"28785",98.720770004323,2.9542031379879,0.422127765784277,6.99836252775091,2.58971288505237e-12,8.56502525632352e-11
"28774",264.416283865707,3.12665836045001,0.446881700247729,6.99661310525079,2.62224096589651e-12,8.65653291169118e-11
"6252",1079.64127191721,-1.52699425339044,0.218422129099752,-6.99102357295066,2.7288790033039e-12,8.97787245516269e-11
"6518",106.574325029862,1.83107119737973,0.2623493046267,6.97951610729515,2.96198472620341e-12,9.66247449872302e-11
"23762",385.317817104077,3.31462769747228,0.475649887838946,6.9686292002125,3.20043986688535e-12,1.03529136866482e-10
"57343",120.075907115459,-1.62751726212842,0.23359977858448,-6.96711817104669,3.23498937879337e-12,1.04346849680666e-10
"11144",6.75066297792017,2.79299525616397,0.400886271316358,6.96705139588053,3.23652459396846e-12,1.04346849680666e-10
"107986852",18.4355725083915,2.64162815523985,0.379875898717255,6.95392406878131,3.55262875709465e-12,1.13967386307329e-10
"3987",2294.92331342397,1.15393585806458,0.16640800765645,6.9343769829087,4.0801527596841e-12,1.29598536340492e-10
"5473",4781.75104675054,2.29429210152335,0.330876456178025,6.93398414630301,4.09150526553724e-12,1.29745730193851e-10
"107987112",95.7716469848978,-2.36199817775148,0.341057766007941,-6.92550767982359,4.34414765145797e-12,1.37306349337081e-10
"5196",1198.75421950697,2.09905446190304,0.303898593665804,6.90708843559626,4.94701568547406e-12,1.55344336451829e-10
"8351",49.1673536305796,1.20566265197356,0.174633803890436,6.9039477186787,5.0576920254821e-12,1.58561929214465e-10
"728833",34.5753089588619,1.14142921341488,0.16534208283606,6.90344039361492,5.07579599317556e-12,1.58871591929022e-10
"3045",8148.65768874095,6.73395179868274,0.976530499709413,6.89579260523514,5.35652952191815e-12,1.66847255044005e-10
"2815",520.245226664201,2.15897769364812,0.313240512255235,6.89239612751284,5.48603491068589e-12,1.70605968108158e-10
"8339",24.836795463024,1.93939983104024,0.282206943002952,6.87226122221931,6.31920995330633e-12,1.94325768500401e-10
"79993",168.045514825351,2.22395382035786,0.323677536959898,6.8708933009256,6.38011028490295e-12,1.95886629287831e-10
"107985553",27.2344482141722,1.06136985084303,0.15456132583093,6.86698205477373,6.55743149269279e-12,2.00692736904728e-10
"54145",23.6296525917663,1.34311272008874,0.195757143212792,6.86111729076854,6.83240345585397e-12,2.08777492942171e-10
"4495",5.15171197994228,3.19104478599113,0.466071978178034,6.84667805703649,7.55845537833128e-12,2.30598562822012e-10
"9935",5797.68123961578,1.55379653064937,0.227031343792686,6.8439736324171,7.70261050061489e-12,2.34256399980905e-10
"494143",42.8996674852883,1.41150353819951,0.206488575916798,6.8357463938744,8.15791517407991e-12,2.47713298493445e-10
"4131",43.0707744039728,1.60132303183744,0.234341143090024,6.83329871452525,8.29839055847052e-12,2.51583231499502e-10
"858",28.1944689457619,2.78974770061966,0.408744779085028,6.82515800413277,8.78285945726793e-12,2.6502278412306e-10
"967",5484.40897981479,1.29223806720093,0.189352583273086,6.82450719638324,8.82276517283256e-12,2.65811608452016e-10
"84775",78.9493454776041,-1.26325667140493,0.185186972951518,-6.82152017105248,9.00821175128232e-12,2.70975989627358e-10
"8358",9.05580498957898,2.80273892227574,0.410983742838631,6.81958586224713,9.13033309723953e-12,2.7422238378521e-10
"113115",28.6418480458552,1.51115341328181,0.221896580756743,6.81016989143442,9.74835547224881e-12,2.91876342449719e-10
"28428",18.424933243962,4.04877407769388,0.595225774879648,6.80208124137857,1.03118415092129e-11,3.07793328015331e-10
"2888",19.0019196402789,2.88130999514286,0.424197001886345,6.79238651459127,1.10293571075571e-11,3.24693512898083e-10
"107986153",53.5311982664056,1.10627850069239,0.16285502326351,6.79302657371743,1.09805144181174e-11,3.24693512898083e-10
"116028",79.0561006570177,1.37755722121973,0.202829256683216,6.79170867036818,1.10813152063428e-11,3.25726574223581e-10
"101928163",6.76225234484822,1.97027877527676,0.290155673693624,6.79041960543284,1.11807869801738e-11,3.28151000244859e-10
"8334",1011.78005150647,1.95808197010008,0.288379996046883,6.78993687822144,1.12182616921708e-11,3.2875124400486e-10
"1397",346.684413796113,-1.59405307590162,0.23479076246122,-6.78924953942728,1.12718330588839e-11,3.29820666716917e-10
"3505",1415.10951621812,3.194452057343,0.471026749007169,6.78189097344529,1.18612976253488e-11,3.44977981537252e-10
"4502",829.997036241316,1.40866635119728,0.207932569658181,6.77463060987984,1.24724514596386e-11,3.60580812258294e-10
"57464",31.3307970038016,1.76558367331339,0.26068297729932,6.7729151001913,1.26213025112382e-11,3.63794916562735e-10
"995",21.1979760401344,1.63377696373871,0.241621480961198,6.76172067665243,1.36362414279995e-11,3.91297317173146e-10
"253827",71.1709753300228,1.7605079321659,0.260522309961794,6.75760909852243,1.40287402263468e-11,4.01367453705494e-10
"79019",209.108958467585,1.15892394560574,0.171595868683508,6.75379864618575,1.440235949078e-11,4.114472877011e-10
"25907",86.8479125276599,2.11251982410933,0.312911760379829,6.75116787411582,1.46659784963494e-11,4.18359492941653e-10
"28424",768.160695608493,2.86422274598122,0.424648987599036,6.74491834344296,1.53113110093155e-11,4.35481646851106e-10
"3507",33103.1735876352,1.66763604230033,0.24743179394937,6.73978075203044,1.58625807954433e-11,4.5049729459059e-10
"102724334",23.4331463131878,1.32740913083647,0.196959598218452,6.73949958693667,1.58933047258399e-11,4.50707049728959e-10
"5909",39.6264699245207,5.59030701846098,0.829978121813512,6.73548720326036,1.63381544006616e-11,4.61965501882251e-10
"389860",22.4545466658658,4.69949813001944,0.697882686483782,6.7339371230105,1.65132561005851e-11,4.65553287320436e-10
"102723699",40.2500619110202,2.3897927653695,0.355115372784405,6.72962352103065,1.70102631704697e-11,4.78169144611515e-10
"1588",17.0949859294697,5.77377959542801,0.858854579783886,6.7226509950973,1.78447656645149e-11,5.00171428901467e-10
"3012",34.8540046551767,2.0928362949266,0.311338389255538,6.72206309003821,1.79169337910391e-11,5.00740702420474e-10
"145567",177.073502502983,1.93359990721397,0.287673933771286,6.72149847525383,1.79865119233644e-11,5.01958841421984e-10
"4352",47.9833776258789,2.28882919402042,0.340806887803731,6.71591237128561,1.86893088276809e-11,5.20819526811218e-10
"216",415.313612912899,-1.57389761121811,0.234547255637967,-6.71036464245605,1.94138659412948e-11,5.40231381928366e-10
"6300",13.4181312709296,2.07724198717855,0.309836683401127,6.70431262165709,2.02356629068879e-11,5.59872667704613e-10
"80274",31.984579993232,3.35760201094868,0.501750918663623,6.6917705300698,2.20486427284535e-11,6.05694720301413e-10
"105372118",51.3893612796087,1.50722444808617,0.225380627070734,6.68746230621295,2.27073672410945e-11,6.21579539611152e-10
"7035",55.3796159622904,2.40141428580722,0.359386299170804,6.68198618408075,2.35725254935858e-11,6.43893369635261e-10
"4900",2192.43559995063,1.88368474117655,0.282185151988955,6.67535030776628,2.46642302290442e-11,6.70867062230002e-10
"9886",194.739119054869,2.21288503117969,0.331814985921505,6.66903281970266,2.57494672228549e-11,6.96461780122933e-10
"6370",5.67077916420362,2.96099387285893,0.445690765179856,6.64360606992617,3.06100010150765e-11,8.19889514012702e-10
"3915",236.561910436247,1.68355634758086,0.253624457780584,6.63798894756962,3.17991701609691e-11,8.49385303110146e-10
"3303",1558.47474551524,-1.55628008312581,0.234833892274884,-6.62715278467603,3.42223377895119e-11,9.10333040483544e-10
"28401",189.989574659719,3.78596202021074,0.572152499972632,6.61705055975782,3.66436196800093e-11,9.70729195144498e-10
"672",104.804136240549,1.10482195448597,0.166980921599552,6.61645620291589,3.67911807822198e-11,9.73303127761957e-10
"55765",4.51640566563869,2.88871898632732,0.43665535996565,6.61555828961898,3.70152093306621e-11,9.77890181386795e-10
"212",2512.43389536734,6.36640768421828,0.964134327020366,6.60323723136538,4.02275020768299e-11,1.05841079033752e-09
"168455",211.38396486116,1.01660625263323,0.153971486195753,6.6025617973237,4.04112729642574e-11,1.06179932447039e-09
"28941",806.981618684877,3.17711542403004,0.481763441783818,6.59476238434819,4.25937491278037e-11,1.11610649003548e-09
"11096",20.8717760994263,-2.61642298914268,0.396987758626715,-6.59068934063251,4.3778908491275e-11,1.14405721350948e-09
"22915",247.474297942926,2.26404773873845,0.344704857966342,6.56807609876945,5.09694931957153e-11,1.31593964250756e-09
"10410",8359.4896140585,1.98434712918319,0.302317364427115,6.56378813351818,5.24577221462835e-11,1.35075137345204e-09
"4057",10.1220351282251,4.66246394759312,0.710895305541643,6.55858030183602,5.43224524215265e-11,1.39319415825301e-09
"125919",92.3795512076288,-1.18693732253881,0.181056383600779,-6.55562261287592,5.5410199043543e-11,1.41920658346008e-09
"6324",35.0662359321942,1.53738050955206,0.234635774796417,6.5521999400389,5.66955608364661e-11,1.44828660168496e-09
"10857",728.553995017879,1.10122307202549,0.168110746763652,6.5505810498463,5.73136399598342e-11,1.4602124207181e-09
"28810",44.9775734406746,4.4280073574738,0.676480797919928,6.54565121595355,5.9236684715553e-11,1.50325736560678e-09
"2949",13.8863206578688,2.88515274358331,0.441023227121261,6.5419519112766,6.07210299502871e-11,1.53286866718947e-09
"3040",49206.34308856,5.75881085482396,0.881590103038817,6.5322998012041,6.47673417646192e-11,1.62229170448551e-09
"8357",329.781909302617,2.3495448963678,0.36032230390792,6.52067571417456,6.99913597690015e-11,1.74184682971515e-09
"375033",285.733865112051,2.1872801032673,0.335687057511796,6.51583090358031,7.2288373982064e-11,1.79669636852203e-09
"388588",14.6212957410937,2.75610095720708,0.423266541712387,6.51150205744319,7.44030092473382e-11,1.84450695068626e-09
"51206",281.221842133121,2.15733879264412,0.331418641993676,6.50940689294502,7.54481017354855e-11,1.86562578836837e-09
"643008",148.974635275127,2.13717982822852,0.328482544693777,6.50622038446784,7.7065143804859e-11,1.90307158052637e-09
"10826",496.649633109535,2.0195348079763,0.31071811500911,6.49957215374162,8.0548761561402e-11,1.97405797369771e-09
"3017",76.1529640259186,2.07562813366266,0.319346386645117,6.49961364983052,8.05265476280127e-11,1.97405797369771e-09
"28870",50.3409650347356,3.60752018134079,0.555176720735783,6.49796730770645,8.14124896487116e-11,1.99269708503919e-09
"26010",242.244492284355,1.51673583240419,0.233435430754964,6.49745339642249,8.16909862009409e-11,1.99698269052224e-09
"154790",30.3235855176904,3.15058853565382,0.485231348427898,6.49296164780246,8.41651211138681e-11,2.04709926820028e-09
"147700",14.7720165434717,3.75512191271601,0.578357012394665,6.49274035282822,8.42888897578781e-11,2.04753086667188e-09
"101927267",6.00410879530235,3.25438555431285,0.501399011797786,6.49061022805793,8.54893905300424e-11,2.0714819446878e-09
"55353",112.113552251078,1.33943133865564,0.206459170090434,6.4876330659904,8.71953203511188e-11,2.11017045942457e-09
"3690",3188.46033375743,2.55323989431887,0.393805072961723,6.4835119444158,8.96117800512415e-11,2.16052771079847e-09
"2791",563.745583284336,1.8194033017948,0.280783672311329,6.47973326517888,9.18849098051349e-11,2.20981491675811e-09
"5866",12.1412078515638,2.93555403626228,0.453081384463511,6.4790877244675,9.22788437700478e-11,2.21652864538204e-09
"10867",25.1380792789758,2.32261880872974,0.358675537495066,6.4755428400569,9.44716779394823e-11,2.26638142157426e-09
"3672",151.835459141811,2.07450999259604,0.32045801354486,6.47357814413226,9.57088791872316e-11,2.29037159214847e-09
"338773",45.4454796581991,1.96818691640994,0.304088890385336,6.47240651875144,9.64541958958215e-11,2.30535078111399e-09
"8208",98.1062071195713,1.00067481520816,0.154702132139423,6.46839705031551,9.90479619734807e-11,2.36149906374304e-09
"5798",22.1543431675628,2.32455676400884,0.359474562970103,6.46654034377995,1.00272065686812e-10,2.38186240165278e-09
"8348",21.8097733074985,3.72693752773143,0.576712386177386,6.4623850936073,1.03065403821253e-10,2.43996793597028e-09
"4233",15.6521741667141,2.81071269560951,0.434937406764348,6.46233837765161,1.03097236731139e-10,2.43996793597028e-09
"140876",74.5316951877582,1.63498984985233,0.25350514627159,6.44953317082052,1.12195203045296e-10,2.63911542169397e-09
"6535",88.0357666731593,2.6790520364523,0.41574247491688,6.4440181075747,1.16351194168314e-10,2.73022389037483e-09
"28421",9.28448509066153,2.86314537769333,0.444337733794895,6.44362420729038,1.16653717070282e-10,2.73400070881224e-09
"101928489",12.2196765358893,1.70772295059857,0.265877662029575,6.42296512449628,1.33645120245975e-10,3.11709488187231e-09
"90952",582.500460713612,2.05368564165,0.319845612649557,6.42086544391698,1.35501761625669e-10,3.15278315724688e-09
"107986350",10.4602503686409,2.64981783857907,0.413016415085592,6.41576882127053,1.40113932603952e-10,3.24446075113613e-09
"105374985",59.4107180640463,2.12911304851515,0.331854080596838,6.41581096331843,1.40075174474702e-10,3.24446075113613e-09
"5046",270.288578553105,2.3033546933714,0.359317948187664,6.41035246079165,1.45183595031817e-10,3.35381051106991e-09
"9911",246.410535184429,2.09335922291463,0.326639477982468,6.40877592581442,1.46692601472012e-10,3.38462069250597e-09
"100505881",34.7550331906439,2.69193359664064,0.420092501706328,6.4079544045813,1.47484997537636e-10,3.39884280721578e-09
"3696",21.905486162928,1.70801553951368,0.266921690163356,6.39893872419427,1.56460611498842e-10,3.58430288169115e-09
"23495",237.493626721538,1.58889198098956,0.248375582670407,6.39713438779534,1.58319979961282e-10,3.62260124764488e-09
"3304",1296.23215500817,-1.79361115510055,0.280607565982169,-6.39188451253135,1.63853637827492e-10,3.73594032316945e-09
"28884",25.6090159417597,2.94055014644514,0.460154131910144,6.39035910476049,1.65496633370113e-10,3.76451234822571e-09
"5577",1261.61777774149,1.96204413742685,0.307025475526803,6.3904929519621,1.65351826494126e-10,3.76451234822571e-09
"91768",26.5712385342451,1.5894271941202,0.248751626963219,6.38961527015548,1.6630363523541e-10,3.77537121542172e-09
"126961",5.17687384777963,2.0447010753868,0.320278245380568,6.38413974373191,1.72363639296835e-10,3.90232895908614e-09
"3693",605.294451569694,2.1388815606389,0.335666575037453,6.37204213854253,1.86527616544049e-10,4.1935056236306e-09
"23544",65.7327451482341,-1.47761361350886,0.232749906740935,-6.34850356848276,2.17419394911659e-10,4.86703578889631e-09
"55287",196.05190640205,2.15236218455596,0.339216470970246,6.34509927657597,2.22282058082516e-10,4.96267179848503e-09
"4638",553.445384335644,2.13515901231553,0.336584183317211,6.34361065713913,2.24441624078405e-10,4.9993271559425e-09
"11251",110.821621761533,-1.49438494435945,0.23559606358889,-6.34299623514556,2.25338939799499e-10,5.0077624918388e-09
"333932",5.10346573973628,2.0201327624391,0.318904849760866,6.33459404569705,2.3796698482029e-10,5.27020459959799e-09
"9628",71.8044225830028,1.93744544041255,0.306059977171278,6.33028028793296,2.44716252180105e-10,5.39493180605272e-09
"57091",216.803047476352,-1.09842248966264,0.173990333116453,-6.31312366605713,2.73458801469522e-10,5.99436591825132e-09
"3039",43166.5332869885,5.58363592987272,0.884524401535113,6.31258552074108,2.74411727251476e-10,6.00843455405954e-09
"388121",7.94117159216713,3.3846372984841,0.536401797358599,6.30989179221816,2.79230627978222e-10,6.10702365517036e-09
"28902",201.784993192923,3.91632885258347,0.621386193023935,6.30256818794913,2.92753674393595e-10,6.39554180982931e-09
"4810",39.2562354839117,-1.20527593534985,0.191615218934976,-6.29008458748182,3.17293031147e-10,6.91598534707771e-09
"2993",13.2945173140013,6.50945504781155,1.03606779946733,6.28284659667855,3.32429052147737e-10,7.21333691581697e-09
"7015",7.97971778178771,2.1218637156419,0.337751708921406,6.28231822251313,3.33561185149395e-10,7.2297795820484e-09
"23594",43.9756000122998,1.29114149544613,0.205816501369557,6.2732651991193,3.53553941884502e-10,7.62035014026061e-09
"128239",10.3467378670512,2.86290591585323,0.456993106781384,6.26465886108603,3.7364247433847e-10,8.01753718269394e-09
"102724233",15.1150382258057,1.72281824870322,0.275057303348832,6.26348847213961,3.7645899789426e-10,8.06900795486564e-09
"131450",213.517877403951,-1.29367025551816,0.206656582600616,-6.26000023439036,3.84976893783994e-10,8.24243212057261e-09
"105373424",3.83872551494798,2.9717108294197,0.475702036933874,6.24700043029832,4.18409908466923e-10,8.90885573573674e-09
"101927297",4.05018911533884,3.29623180817101,0.527828803557373,6.24488808862953,4.24103657048427e-10,9.02014297898593e-09
"2017",231.192519018392,1.89736322816835,0.304230431469713,6.23659907722689,4.47186130234609e-10,9.43831535201178e-09
"83879",178.882894785393,1.5108671665498,0.242530832138506,6.22958802073859,4.6766334541456e-10,9.81686361591955e-09
"650669",40.4077915981148,1.16359780603522,0.186803808522479,6.22898331269944,4.69471787203052e-10,9.84412503199276e-09
"7145",278.319981454982,2.39235356969728,0.384180685909082,6.22715731801113,4.74974133941444e-10,9.94869899639605e-09
"105378482",4.45131495857092,3.01549341726621,0.484271271724688,6.22686827266629,4.75850877040125e-10,9.95626450422416e-09
"107983990",7.29217817973668,1.86266180332484,0.299369128504566,6.22195686184934,4.90992050485638e-10,1.0261946405821e-08
"9837",30.860252466467,1.70603216613214,0.27442491679436,6.21675387957045,5.07544901415198e-10,1.05849969072681e-08
"79990",25.7442123576926,1.18193396712239,0.190149964653885,6.2157990366907,5.10641241934291e-10,1.06380837801888e-08
"6708",19.9216580377261,3.34153465049077,0.537816405450758,6.21315121038404,5.19324301795572e-10,1.07840762540603e-08
"28409",136.258430426229,2.94000745815524,0.473301561574081,6.21170031296225,5.24143189507154e-10,1.08724524981334e-08
"105378305",5.32707796091643,3.02296076547527,0.486771019814699,6.2102315923122,5.29065709263619e-10,1.09510364172551e-08
"395",89.565801014284,2.13947348202934,0.344596522966114,6.20863340005242,5.34473419041011e-10,1.10511249127623e-08
"728763",82.0622836565566,-2.37275409360992,0.382471313092402,-6.20374394729228,5.51354665277302e-10,1.13636726743172e-08
"340146",16.6505530887452,3.17277599817208,0.511502766026959,6.20285208390224,5.54489512007628e-10,1.14039419125573e-08
"4317",7.8218640131236,4.46315891282103,0.719655565078901,6.20179865118072,5.58214673947699e-10,1.14683423226361e-08
"11167",111.074418568895,2.23380381753326,0.360249828018886,6.20070751960539,5.62098892147744e-10,1.15358701436315e-08
"28473",170.448838573947,2.96580095019245,0.479042013423471,6.1911082265987,5.97426695977712e-10,1.22348932690579e-08
"728975",148.125241679822,1.72741682764942,0.279045288732618,6.19045329700812,5.99914410400892e-10,1.22728253110826e-08
"259215",75.8992717320459,1.97254425523601,0.31870626132923,6.18922341534523,6.04613389884336e-10,1.23558664396257e-08
"9582",648.338653012367,1.43397377130938,0.231770859645954,6.1870321985252,6.1307446360354e-10,1.25023168332751e-08
"28772",103.323474606917,3.22659899349687,0.521641896308636,6.18546749471176,6.19186935477358e-10,1.26003562675856e-08
"102465508",51.0078319848982,2.04063934936551,0.330108049531179,6.18173156414586,6.34022710632411e-10,1.28751278525059e-08
"100506826",41.4156709885546,1.69279539787604,0.274271875636062,6.17196128458409,6.74480187122855e-10,1.36393312813786e-08
"7481",36.493368173177,2.30749789572822,0.374052849549744,6.16890874780344,6.87628950442341e-10,1.38472265807534e-08
"1029",60.9301630612644,1.18680912230717,0.192561568864917,6.16327094395311,7.12574267723069e-10,1.43346190190291e-08
"110599563",60.7582812073637,2.01626897685107,0.327269413197691,6.16088426092271,7.2339850290587e-10,1.4522112149811e-08
"6283",3548.53647739505,2.55821808929936,0.415260608287414,6.16051231020869,7.25099779814376e-10,1.45411494784789e-08
"10643",52.5526150739505,1.68608409070998,0.274097113168677,6.15141134183481,7.67964522301744e-10,1.53212095606315e-08
"200132",8.36991025881117,3.00246263711744,0.488398480240268,6.14756752650086,7.86802076638521e-10,1.56646615505599e-08
"8356",4.37502670785768,3.00483967590175,0.488968549129421,6.14526165589114,7.98318046767391e-10,1.58612326328929e-08
"57419",60.9403747899215,2.41591639812244,0.393130709296907,6.14532607346594,7.97994111842821e-10,1.58612326328929e-08
"51807",270.95003131658,1.89423986337321,0.308260773489188,6.14492671880501,8.00004404141943e-10,1.58784019042027e-08
"5476",7540.07884105279,1.18237809597321,0.192437592924931,6.1442157844619,8.03595373302749e-10,1.5933299639859e-08
"84561",11.8634338537983,2.0197399696561,0.328779346556216,6.14314734429574,8.09021710983146e-10,1.60244382384682e-08
"22936",652.13963403394,1.30141550874952,0.211856825738775,6.14290100973284,8.10277842661791e-10,1.60328746900456e-08
"105378604",4.27566772420414,3.3412035045578,0.544370857023107,6.13773397574803,8.3706880714713e-10,1.64953804118626e-08
"439996",142.930138840003,6.09207322199036,0.99308900339484,6.13446851305856,8.54443643841454e-10,1.68034782585195e-08
"105369194",61.7115447691313,1.9157576818086,0.312451090947073,6.13138419840921,8.71177360256354e-10,1.70977410378767e-08
"5360",453.160611030146,1.14256435910365,0.186385158665824,6.13012520568865,8.78099412311194e-10,1.72160973102069e-08
"84658",182.905208698033,-1.63407906006321,0.267896742180378,-6.09966006590317,1.06294271686342e-09,2.05686871223109e-08
"8328",289.83141105594,1.8110330123739,0.296973414290325,6.09830013471647,1.07202324396811e-09,2.07236365240363e-08
"440689",45.3869900715579,1.4761415144197,0.242223441057114,6.09413155051181,1.10033149526578e-09,2.11860437054564e-08
"28922",35.5456844823431,2.65830687234029,0.436290635789689,6.09297256066186,1.10833065886564e-09,2.13188064581805e-08
"81621",9.63671291570205,1.87983191239441,0.308550954618429,6.09245210315137,1.11194119431742e-09,2.13669734772717e-08
"3013",20.5438182215905,1.10992473128146,0.182529207010776,6.08080618690208,1.19579765946578e-09,2.2754503606882e-08
"6521",156.767411494972,5.67795996386685,0.934561922791439,6.07553103266543,1.23578077501098e-09,2.34895652824921e-08
"28812",86.3046754737718,3.34592426077094,0.550962563104223,6.07287043591382,1.25643827051312e-09,2.37652653086674e-08
"107985487",17.9298972293463,-1.01250209180238,0.166840862065785,-6.06866974472448,1.28974052781621e-09,2.43474770998892e-08
"105372321",5.98995122375784,2.24965920579756,0.371369110577724,6.05774455042279,1.38043382052763e-09,2.59076170476478e-08
"800",62.7807999379222,2.29888827782025,0.37958911825265,6.05625442689887,1.39327574800077e-09,2.6123243927564e-08
"101926925",4.79066448716813,2.09596849194651,0.346489022529473,6.04916276032446,1.45600506220359e-09,2.70889882093216e-08
"89958",207.490031898398,1.62182134512532,0.268322884687412,6.04429006126215,1.50069317479509e-09,2.78935385867591e-08
"54768",10.1888776299089,1.93864078089136,0.321084541728565,6.03778920795951,1.56239975023906e-09,2.8929112153995e-08
"343171",64.9086083983422,2.66560854606376,0.441509845784138,6.03748381042225,1.56535861705714e-09,2.89561356442601e-08
"8936",110.460129855405,1.50272774616808,0.249313329969083,6.0274665071235,1.66549750565723e-09,3.06909235011951e-08
"3042",209.931641283729,6.50520743882562,1.07961074512539,6.02551194326072,1.68575168168902e-09,3.10049871207413e-08
"102724621",15.7657547438439,2.82841552172559,0.469559750375373,6.02354763044428,1.70634863268242e-09,3.13241490440712e-08
"554313",30.2693544956828,1.8321089088846,0.304184763023787,6.02301341682037,1.71199245355265e-09,3.13979090816798e-08
"2274",64.3508145496941,2.00922565053075,0.334032140337603,6.01506683907737,1.7981249276783e-09,3.2883890722844e-08
"1759",52.6627963736314,1.73915645732109,0.28915618667853,6.01459189685121,1.80340440204271e-09,3.29492391790434e-08
"28905",9.64407178130045,3.30918247318814,0.550587994523475,6.01026994068802,1.85214669929278e-09,3.37440160912661e-08
"51316",2694.14597941284,1.07696154544615,0.179182719106251,6.01040965790648,1.85055110303744e-09,3.37440160912661e-08
"51053",165.145841254846,1.07937112491235,0.179604143873285,6.00972283620515,1.85840764436461e-09,3.38135966837947e-08
"51338",657.713176502043,1.79905197632273,0.299528259938074,6.00628460464688,1.89822865490969e-09,3.44212129423623e-08
"347404",44.9778571764421,1.69064163549819,0.282357229742839,5.98759818205456,2.12962390134668e-09,3.84726817425698e-08
"100288695",302.057562360427,1.13222831176546,0.189164047116247,5.98543078891554,2.1581788024238e-09,3.89157320564038e-08
"54910",264.766686041324,-1.13658707811525,0.190007353831185,-5.98180573118803,2.20677377170155e-09,3.96439210038142e-08
"107984567",39.2070044721503,-1.39375027623725,0.233035605153498,-5.98084689813474,2.21980443469366e-09,3.98409509691487e-08
"4052",438.52859286456,2.02860862292522,0.339469981071266,5.97581151807162,2.28947585069182e-09,4.09771618429661e-08
"2811",332.03408952451,1.95493122584036,0.327136606056242,5.97588649404849,2.28842300014136e-09,4.09771618429661e-08
"9381",145.2328328431,2.92973332549778,0.490908978474328,5.96797665954889,2.40213720518244e-09,4.29537719504474e-08
"445",4.10597381933261,3.91797136296647,0.656662295476139,5.96649356900503,2.42406288002413e-09,4.33057375939185e-08
"105376544",64.183394930043,1.3157935670926,0.221257864915689,5.94687817128662,2.73304666553401e-09,4.84225662429291e-08
"8419",13.2789716584093,1.69627439861717,0.2855539666375,5.94029359350672,2.84512075196628e-09,5.02698737072029e-08
"107984128",11.1696974167549,1.57177141776636,0.264714900244096,5.93760085403963,2.89223129593809e-09,5.10555491655908e-08
"3050",93.7530342071722,9.84044015223846,1.6582201728573,5.93433870442081,2.95032210297538e-09,5.20334433357631e-08
"402778",72.9249606339075,1.41465113504788,0.238406731531544,5.93377177716437,2.96053289153335e-09,5.21658861325657e-08
"9124",796.172850235025,1.04848227896437,0.176703850402206,5.93355649340895,2.96441932226531e-09,5.21867510953397e-08
"84519",534.386954516119,1.53522047039462,0.258832770558554,5.93132186114477,3.00505477811529e-09,5.28058397406392e-08
"133",839.106162944751,2.30767928462215,0.38957166983381,5.92363219226542,3.14907365163038e-09,5.5135911478047e-08
"3540",112.739036588914,6.32681104171004,1.06887517461055,5.91912993396563,3.2364920284268e-09,5.64617290451475e-08
"28466",26.6246389390078,4.22240249532333,0.713595701965946,5.91707949430002,3.27708329693284e-09,5.70667562041182e-08
"1893",18.805606607095,2.06380012954757,0.348949085133565,5.91433024894627,3.33228697505273e-09,5.79236058165782e-08
"9134",50.4513132544276,1.16047660063581,0.196286593368027,5.91215416561831,3.37662271432723e-09,5.85888031078954e-08
"943",386.083154194992,-1.01633701139193,0.172031831029521,-5.90784278298778,3.46616566688043e-09,5.98200101508443e-08
"5450",376.266579570036,1.25248502172896,0.212002521223498,5.90787795588788,3.46542589392931e-09,5.98200101508443e-08
"346653",7.36498188531302,1.87083363282786,0.317054281969363,5.90067297374853,3.62021848383747e-09,6.20902836233296e-08
"6280",70165.3876418147,1.6994697753285,0.2880323198251,5.90027458154857,3.62897117290968e-09,6.21407187007901e-08
"84281",311.26780153003,1.77071527692947,0.300169647175295,5.89904840010486,3.65603988625976e-09,6.25380356806452e-08
"51266",174.748148375237,2.07697836615878,0.352504455249963,5.89206273913894,3.81404304111861e-09,6.48958583348745e-08
"84969",74.9168135738548,1.23950627204225,0.210401374360572,5.89115102412813,3.83514850591676e-09,6.51975246005849e-08
"122416",226.980796842484,1.56260024853515,0.265300589605548,5.88992376857677,3.8637380656686e-09,6.56257779456394e-08
"30835",25.1099525383011,-1.47647583751187,0.250690724943535,-5.8896308901912,3.87059142049042e-09,6.5684412576899e-08
"284119",19.1102000362284,1.87272569708393,0.318078986332597,5.8876121263972,3.91815341034059e-09,6.63167209995596e-08
"8642",114.152694745874,-1.27616592847015,0.216779093692101,-5.88694189432646,3.93406946876934e-09,6.65278017345652e-08
"8370",36.329733848218,1.81765863333723,0.308774600019428,5.88668443979155,3.9401999779326e-09,6.65731775799077e-08
"90853",94.0736608140251,2.23010742645292,0.378986744524451,5.88439426621961,3.9951444297658e-09,6.74425080661163e-08
"81794",232.307541208971,-1.16418020049168,0.198054207796179,-5.87808869827072,4.15030530569064e-09,6.97569156340275e-08
"222166",393.333830588756,1.47799771292885,0.251456169644207,5.87775481914051,4.15868252724108e-09,6.98369364922433e-08
"83959",19.6739139120234,1.74312531524906,0.296632722274689,5.87637568061316,4.19346063896384e-09,7.03597844132664e-08
"5413",180.864588532932,1.75010761270803,0.298137425423965,5.87013727048623,4.35434459694091e-09,7.29324395976782e-08
"10866",1606.92647867131,-1.04648290028581,0.178509816176096,-5.86232691682049,4.564252770638e-09,7.63158870186675e-08
"200879",23.6227127510626,2.79497614490878,0.476852994415585,5.86129515309893,4.59270798280116e-09,7.67252392420899e-08
"441864",19.884028428678,3.37433451670911,0.577131047081619,5.84673885380473,5.01303561722122e-09,8.31716012369212e-08
"6854",12.1712826459839,2.69726753928719,0.461517632792325,5.84434341753723,5.08570151568086e-09,8.43047791165913e-08
"171558",156.342296071714,1.71680245619887,0.29387700502923,5.84190810039087,5.16062746996469e-09,8.54734457117993e-08
"28939",119.130882376162,3.94940652618574,0.676595449886016,5.83717571090832,5.30930961737485e-09,8.74858253675282e-08
"27018",369.941519864638,1.34856955386131,0.231108507030206,5.83522247272815,5.3718841532807e-09,8.84414550453171e-08
"23531",882.444650928303,1.58201082199884,0.271274852295452,5.83176364713611,5.48445687362054e-09,9.00644822647618e-08
"126306",18.4803286878135,1.76549085985374,0.302757880794482,5.83136219351525,5.49767049727222e-09,9.02047686009525e-08
"105377805",6.9653816246077,1.65642784558288,0.28408355410021,5.83077697274436,5.51698821316487e-09,9.04448865642105e-08
"107985819",10.8618632115886,1.67605754303966,0.287909493111694,5.82147370315931,5.83309843793659e-09,9.49021036507426e-08
"7773",83.5937321794971,-1.02578478666818,0.176386011855419,-5.8155676625253,6.04284635824158e-09,9.80667637566062e-08
"107986898",8.67001706895029,2.30676780988914,0.39682858967237,5.81300810960637,6.13600876045165e-09,9.94950471719918e-08
"7190",72.2636481386486,1.03327141930473,0.177904761443978,5.80800317494656,6.32223180633794e-09,1.02257069216079e-07
"57699",617.292277454157,1.20398023512676,0.207317370336442,5.80742575102556,6.34406699251418e-09,1.02438646956048e-07
"3805",94.2495916479533,1.42932776388175,0.247188418286244,5.78234115413363,7.36681191443944e-09,1.17674004707737e-07
"102723766",8.5951782545504,2.0994637175672,0.363158382675349,5.7811242083982,7.42030777674071e-09,1.1833276943387e-07
"4211",122.434779535275,1.645876779208,0.284849452086618,5.77805843455691,7.55675655139774e-09,1.20310043298098e-07
"723778",68.776502611339,2.00428641716331,0.346935437181172,5.77711643828605,7.5991699121889e-09,1.20885641963914e-07
"79750",19.575173925464,2.3346408818521,0.404203306171803,5.77590743619446,7.65394451733181e-09,1.21656770797294e-07
"64377",16.8814574097869,2.71623573352576,0.470394963287847,5.77437248592227,7.72403975531342e-09,1.22548659623837e-07
"5365",78.3937396693358,3.09223353149859,0.53553667078643,5.77408364390374,7.7372996538766e-09,1.22578122162153e-07
"3049",39.0619913739456,3.49456268236195,0.605727827267719,5.76919620504313,7.96505257244202e-09,1.25773585673753e-07
"58189",6.90885542420153,5.37296286670999,0.93217486102006,5.76390019875721,8.21920294245319e-09,1.29680757536484e-07
"113633881",11.2263529155172,2.11923406562534,0.367731277403004,5.76299650275009,8.26335082141376e-09,1.30270882500524e-07
"101927522",6.66268017233193,2.17244124145657,0.377067947093799,5.7614052273612,8.34164978005973e-09,1.31397993925378e-07
"51330",73.8337525397334,2.17062363824892,0.376934920139595,5.75861646738659,8.48061441474032e-09,1.33478097455147e-07
"28814",100.473469786251,3.25206930955998,0.565292533627572,5.75289627246788,8.77273172626654e-09,1.3734899838463e-07
"105378726",17.7237653785686,1.21633470227882,0.211465592611163,5.75192723912953,8.82317750005325e-09,1.37858579191771e-07
"6525",134.345401724906,1.22746419608695,0.213583248972855,5.74700591919058,9.08375508189161e-09,1.41586342325658e-07
"28780",7.85631656256604,3.3308383360837,0.580180049982957,5.74104251978596,9.40954588337036e-09,1.46310104750119e-07
"898",118.897005102249,1.13771334795553,0.198180797177543,5.74078500116382,9.42386744098377e-09,1.46414905889202e-07
"1071",38.3939977732636,2.21238932355294,0.385507575607658,5.73889973514958,9.52936132102555e-09,1.47697452513359e-07
"712",387.391103091269,1.70767705859124,0.297691561044838,5.73639727171854,9.67116637541884e-09,1.49535280257877e-07
"8332",17.0021837567355,1.55323406397694,0.270948738606712,5.73257536449172,9.8917058706567e-09,1.52578772982526e-07
"91522",17.527509103993,1.80455846176704,0.315056448017858,5.7277306118323,1.01783023345949e-08,1.5662420293681e-07
"105375056",84.67011866624,2.04867179426067,0.357795262303033,5.72582146860726,1.02934427024168e-08,1.58269876965822e-07
"28722",10.8865865798674,-1.66842951515498,0.291709255739482,-5.71949460748346,1.06841365156546e-08,1.6375559078597e-07
"28478",29.3772393570292,1.49319028621558,0.261110449898394,5.71861557741802,1.0739545610777e-08,1.64277284444596e-07
"643332",100.034262688875,2.32696574496581,0.407407487968141,5.7116420627688,1.11891235708189e-08,1.70548030307541e-07
"83699",568.403903716327,1.79235232927244,0.31382434639683,5.7113233879121,1.12100994507567e-08,1.70732997313102e-07
"56288",98.3595886823395,1.78709705462276,0.313331821770068,5.70352875276799,1.17352231935726e-08,1.78308914488021e-07
"101929698",26.4352479235397,-1.69794417728813,0.297879689645408,-5.70010053155801,1.19736795584478e-08,1.81646268368219e-07
"160518",219.124467018848,1.08982502165787,0.191211460063382,5.69958004241286,1.20102923965006e-08,1.82058686625761e-07
"105376211",7.82362430284954,-2.77162951360536,0.486407424037354,-5.6981644946943,1.21104175643871e-08,1.8314517149839e-07
"28763",32.9100540246826,2.68469023221757,0.471148793815291,5.69817914735036,1.21093770036113e-08,1.8314517149839e-07
"26212",10.1872352973707,3.6789396261591,0.645706193686778,5.69754427343112,1.21545424405671e-08,1.83525038008e-07
"1718",663.634205445006,1.33838775570023,0.235234890625572,5.6895801134814,1.27352131065271e-08,1.90949095895381e-07
"6547",24.7970360859746,2.19772183326476,0.386243345488019,5.68999274405087,1.27044770233212e-08,1.90949095895381e-07
"80763",51.8090267839802,2.0140544123079,0.354082064907074,5.68810061824643,1.28460130166058e-08,1.92311785563326e-07
"28410",85.3852985019465,2.41253595016309,0.424803602059633,5.67917959844516,1.35342313363056e-08,2.01676755838529e-07
"8436",2407.47567266365,1.65391498728346,0.291263024117217,5.67842414016086,1.35941296993849e-08,2.01790801502323e-07
"28471",7.00177758901226,4.60008283725242,0.81008343693989,5.67852967668287,1.35857465279706e-08,2.01790801502323e-07
"4354",2360.86894976295,1.12459375040118,0.198051512184987,5.67828913798332,1.36048607672917e-08,2.01794985513009e-07
"3679",48.8347038444157,1.77449780288179,0.312548357377449,5.67751441015834,1.36666017220199e-08,2.02399856177645e-07
"5021",16.0445629783357,2.11251742666608,0.37215566959141,5.67643488808168,1.37530869685327e-08,2.03524609606363e-07
"28912",2826.28422371853,2.35045769093296,0.415059540010046,5.66294101052602,1.48800324224501e-08,2.18029731519239e-07
"107984006",9.49259143449193,1.91491790656652,0.338164318433206,5.66268468370281,1.49022847787266e-08,2.18190237791332e-07
"11001",43.1993843222187,1.66510704221623,0.294130594742508,5.66111472923762,1.50392833019835e-08,2.20029272066595e-07
"105378568",7.59415406776667,1.84782305838269,0.326462283523541,5.66014253909806,1.51247317770086e-08,2.20944644536755e-07
"4916",6.0171224883822,2.85686557788439,0.504857864216177,5.65875225558753,1.5247747509352e-08,2.22535183154968e-07
"105371661",28.6733790906163,1.74644088880893,0.308639445161517,5.65851486641633,1.52688492019733e-08,2.22538186948954e-07
"30845",784.873575606938,1.56737031903334,0.277159865966716,5.65511284819847,1.55743910570276e-08,2.26485421757016e-07
"28603",13.453306000347,-1.62710468779202,0.287931123663622,-5.65102051868799,1.59498048977362e-08,2.31595964048934e-07
"5872",53.323667655995,1.58876260178685,0.281979730606137,5.63431491466313,1.75755602473345e-08,2.53866282345942e-07
"102723603",23.5140838517512,2.47885673076094,0.439979098459897,5.63403293346872,1.76043379762396e-08,2.53902147122584e-07
"8877",464.589353559397,1.29987612673207,0.230753121096187,5.63318979417066,1.76906581903801e-08,2.54766585363625e-07
"28411",4.40828195716911,3.18807011403781,0.566122603083879,5.63141287182531,1.78739266777483e-08,2.57214062593647e-07
"6710",209.418399048174,1.71820143549109,0.305255239865958,5.62873690962873,1.81534039633049e-08,2.60266174713693e-07
"1793",45.2151563309588,1.48545800918657,0.264129425777079,5.62397773294776,1.86609714846208e-08,2.67146539148256e-07
"107985770",104.805921434007,2.01460051092918,0.358487420844189,5.61972441371883,1.91262296665992e-08,2.7319951724953e-07
"107987294",35.4105294526264,2.29829992029618,0.409328669654331,5.61480319039721,1.96786096289437e-08,2.80054022958113e-07
"9468",54.3459543948461,2.528279956848,0.450299264415334,5.61466597137508,1.96942315538979e-08,2.80069955647184e-07
"79365",35.8866171345068,1.32486172175549,0.236072072019715,5.61210697402974,1.99877805265867e-08,2.84035332987081e-07
"51327",166.341850496876,6.16091302052474,1.10052736154751,5.59814615773075,2.16656064652292e-08,3.06974462257158e-07
"5138",82.1744864427972,1.44651601913636,0.258452087192478,5.59684402184413,2.18288930577185e-08,3.09061277661773e-07
"81027",4768.89916333179,1.69182011144982,0.302471173011897,5.59332677756792,2.22759462550086e-08,3.14929043980034e-07
"51312",1085.39159267392,1.46113897632522,0.261399475243277,5.58967830736992,2.27490661740616e-08,3.21147635930905e-07
"102723584",12.9709308792012,2.61758336370211,0.4688997639663,5.58239428734334,2.37229805679761e-08,3.33191418711822e-07
"107986496",12.7374477600903,1.4963068658308,0.268109719950917,5.58094971754374,2.39208797057112e-08,3.35726765172017e-07
"348013",36.2485756213314,1.51123189536518,0.270886134683539,5.57884550691629,2.4212016069169e-08,3.3956605252563e-07
"65987",12.2399685826168,2.62078084761415,0.470220507861862,5.57351456135143,2.4965077539949e-08,3.49619708086653e-07
"81786",139.863979974044,1.25451031694215,0.225167970552664,5.5714421276837,2.52639288066822e-08,3.53036898056908e-07
"54554",41.3552197372917,-1.07624133336486,0.193178075438806,-5.57123954631065,2.52933272446845e-08,3.5305961494823e-07
"115701",40.7591004683558,-1.20413972091625,0.216137323553257,-5.57117901304788,2.53021182212277e-08,3.5305961494823e-07
"96626",166.488791941607,1.11098538205505,0.199577626204829,5.56668301543395,2.59634072629823e-08,3.60982952528952e-07
"11067",23.6688595815137,2.48875182413491,0.447202130240336,5.56516093247902,2.61910581891143e-08,3.63624526059076e-07
"102723570",13.0746839613766,2.60627855484956,0.468708312480202,5.56055543597735,2.6891741377192e-08,3.72549002493782e-07
"1991",40.0756826242406,2.85791144548415,0.513975428940356,5.56040480646361,2.69149627457874e-08,3.72603412578242e-07
"28920",213.343276476568,2.89043165557393,0.520740512663016,5.55061798589963,2.84661515212576e-08,3.9183059029118e-07
"5627",150.222505018471,2.20991925831333,0.39818234536384,5.55001818650201,2.85639881941427e-08,3.92897250716014e-07
"100874052",8.18042904488474,2.83690654054356,0.512003292713394,5.54079745368276,3.01097319195477e-08,4.1298234576016e-07
"135228",50.6936058378077,1.48061283730232,0.267445821600386,5.53612252546098,3.09241271484797e-08,4.23250704104493e-07
"1088",3.20260425422952,4.41154812456035,0.797277692722949,5.53326421248982,3.14325435541459e-08,4.29600340493748e-07
"2335",169.178090261021,2.98571717438423,0.5402250017612,5.52680302586964,3.26118750318577e-08,4.43521500433265e-07
"150000",7.48319639759542,4.76425561502864,0.863257101120051,5.51893011809246,3.41069783007478e-08,4.62876995744232e-07
"23365",363.463737561112,1.28712078739931,0.233502891682016,5.51222632888039,3.54322873121234e-08,4.78509323476732e-07
"106614088",5.24618140411342,1.77418079213205,0.322050545867295,5.50901346046198,3.60850315824393e-08,4.85965223096282e-07
"114224",33.3864742019457,1.27507819362937,0.231490314981758,5.50812760235711,3.62670489848802e-08,4.88076132401398e-07
"5657",9.02039429507762,5.1116337304037,0.929254909075138,5.50078743785294,3.78098813684975e-08,5.0707252013085e-07
"5367",7.47350195151251,1.51169913556805,0.274980763979136,5.49747230930941,3.85273789593934e-08,5.15978323483915e-07
"150",26.9617543782503,1.98322443984677,0.361094511369723,5.4922586120844,3.96825729632581e-08,5.30713191874266e-07
"338069",8.34184877818367,1.423251556335,0.259213371597414,5.49065639463021,4.00442723436645e-08,5.35179922145916e-07
"107987293",36.7619591054024,2.26653641792978,0.412910270729475,5.48917423130592,4.03817147358298e-08,5.39316511050031e-07
"166348",5.63298701335474,2.47324820344385,0.450671245018253,5.4879210306477,4.06691793141197e-08,5.4240551858721e-07
"79776",5.2781784873158,2.78386241839245,0.507648301821144,5.48384069917221,4.16189574962284e-08,5.53527707073065e-07
"55437",675.470415655756,1.13639457404244,0.207332681913173,5.48101998949853,4.22880694476431e-08,5.61283297026037e-07
"55194",93.0468513009587,1.17371558618842,0.214349141783524,5.47571861693655,4.35739629755394e-08,5.75975614636288e-07
"80307",21.5796157995136,2.66600000299672,0.487421386439925,5.46959997481626,4.51052440305274e-08,5.94183132822337e-07
"79136",35.8338404356244,2.19971717010553,0.402273212824317,5.4682168734566,4.5458546820935e-08,5.98021427933172e-07
"10148",23.7945666428877,1.34270668419893,0.245688966230193,5.46506709194629,4.62731753603801e-08,6.0790990650317e-07
"105370668",21.9973831070687,-1.5452395059868,0.283091869783149,-5.45843830545352,4.80340708379002e-08,6.29331055645542e-07
"79738",50.7079480948454,-1.20786690308847,0.221350234587815,-5.45681329562484,4.84755592735325e-08,6.3468474623082e-07
"100271835",158.561324094893,1.12024666917517,0.20538929875711,5.4542601584124,4.91771601490017e-08,6.42129355508804e-07
"142685",7.59270028389109,1.8392347100379,0.337279043635657,5.45315442730179,4.94840598800363e-08,6.4526412181179e-07
"105377182",11.2872194124743,2.54075540333572,0.465978255188424,5.45251924321733,4.9661196228447e-08,6.47136991608481e-07
"165545",6.94089703281875,1.98199514601362,0.36412203052445,5.44321677861382,5.2326902538502e-08,6.79124423268515e-07
"105377384",22.3595323497138,2.45620514944528,0.451329388533372,5.44215646454333,5.26394080644082e-08,6.8180566635805e-07
"101928909",5.73951689144233,2.09004851277491,0.384134935753747,5.44092275458839,5.30052954113266e-08,6.86084628005054e-07
"105378753",13.0028870397817,1.30908849212765,0.240847275832646,5.43534689193362,5.46899289965157e-08,7.04919338937273e-07
"255631",27.8838995760453,1.13880398611333,0.209603548816347,5.43313313416818,5.53730619273044e-08,7.12909714626734e-07
"10900",11.6336560769672,3.86907127824972,0.712806417414087,5.4279411404374,5.70078320193461e-08,7.32491850936535e-07
"105371873",5.48965781413439,3.18058552595345,0.586678813193935,5.42134035595737,5.9153810658851e-08,7.58686845766637e-07
"100873940",8.8931752309886,2.29409193666994,0.423493583499702,5.41706421549963,6.05855856857296e-08,7.75881187508495e-07
"11227",4.29385947502248,2.71184118884959,0.500866144207922,5.41430324291161,6.15278175264169e-08,7.85343828202355e-07
"3792",11.5779446907072,2.30625303830912,0.426021848864289,5.41346187867418,6.18177599940777e-08,7.88003023766091e-07
"51629",3022.92340327879,1.41238755048974,0.26110297977884,5.40931226325364,6.32672331386513e-08,8.05416484096002e-07
"55897",10.6586871086035,1.47810328001659,0.273481657849521,5.40476202915917,6.48944919607963e-08,8.25044390221789e-07
"107986177",4.45561929559344,2.3306301160324,0.431277179931883,5.40401909602661,6.51640024260292e-08,8.27925799244393e-07
"727677",14.2112381852884,-2.75115833279603,0.509573630794731,-5.39894171624486,6.70351455103475e-08,8.48906708259561e-07
"105372942",11.4833478721748,2.47539949394351,0.45865438934783,5.39709103724774,6.77300265711168e-08,8.56583021048728e-07
"1363",10.8256982143527,3.51817488660121,0.65213311983493,5.39487227315144,6.85723142080567e-08,8.65141138339477e-07
"375616",18.4786279512862,1.3690221064572,0.254239574901512,5.38477185146149,7.25365959121882e-08,9.13185619462959e-07
"79070",18.2260814409469,1.32186228823396,0.245654408948021,5.38098336559333,7.40800405451945e-08,9.31402176438018e-07
"84636",227.194253011675,-1.21388731681388,0.225681782256571,-5.37875633857698,7.500213527819e-08,9.41157398630542e-07
"100128890",19.0584695673355,-1.13174636838369,0.210466301028812,-5.377328165371,7.5599306439499e-08,9.46805321633985e-07
"9002",49.4840039482042,1.79026034480322,0.333114042940226,5.37431664243725,7.68736642807638e-08,9.60895925301042e-07
"105377938",4.8647844459536,2.09743161479948,0.391244831659988,5.360918394501,8.2799917926748e-08,1.02699551380948e-06
"147837",84.7193677143424,-1.0720433724146,0.200019742378521,-5.3596877971468,8.33658937147894e-08,1.03268899257217e-06
"1901",2088.12033901812,-1.03976202794222,0.194080152143324,-5.35738464989647,8.4435239085881e-08,1.04334041393192e-06
"6374",167.37883219227,2.05568000405294,0.383960495659138,5.35388412947012,8.60859980030245e-08,1.06229571465457e-06
"154043",9.67315857339849,2.28182217721617,0.426303699620139,5.35257418420109,8.67117352914114e-08,1.06865158388496e-06
"283",102.908278739128,1.3298458163022,0.248756041855545,5.34598398648927,8.99271590643521e-08,1.1054572220565e-06
"27033",201.833554227323,1.59988905188621,0.299313902059757,5.34518791434819,9.03232980676303e-08,1.10962056760946e-06
"100507412",54.8914739384175,1.35862652465659,0.254189841734201,5.34492848096295,9.04527611393272e-08,1.11050459194068e-06
"9934",62.5832223821944,-1.05663215613505,0.197735110055417,-5.34367495908499,9.10808319672572e-08,1.11679557266773e-06
"8516",4.87237640265668,2.98106148221501,0.558161093058845,5.34086219782562,9.25055560332869e-08,1.13354523992058e-06
"9162",8.1372896125396,2.93187829778757,0.549228796551322,5.3381729366654,9.38878854566455e-08,1.14902588335788e-06
"254559",36.0487793357381,-1.0379814372711,0.194570599243176,-5.33472909734845,9.56873065258628e-08,1.16882559369226e-06
"29933",931.059443152249,-1.15562876370131,0.216873614651299,-5.32858165138893,9.89826967179981e-08,1.20755138282879e-06
"92369",5.03883469915782,2.93771265678067,0.551480527465722,5.32695627582837,9.98721930089099e-08,1.21609822912236e-06
"140465",274.481531066937,1.16031789833935,0.217862563492187,5.32591685207522,1.00445074548204e-07,1.22153355143256e-06
"105379548",14.6032451423685,2.37418770338717,0.445878585381512,5.32474036929967,1.01097334345648e-07,1.22791932131016e-06
"5742",2403.17604391816,1.46472622619491,0.275122710281986,5.3239015590303,1.01564884995245e-07,1.23127498997375e-06
"875",4.42115757230949,2.13510411383605,0.401176256115459,5.3221098738744,1.02570585720508e-07,1.24268704606929e-06
"2162",9184.24425385284,1.49937063493653,0.281855031296003,5.31965183676956,1.03966015773233e-07,1.25801484750168e-06
"28417",2.77426195003361,4.74805341228216,0.893437194978184,5.31436729852969,1.07028544051364e-07,1.29183452669997e-06
"2491",13.5465539855668,1.47952296917458,0.278398235408522,5.31441216573633,1.07002178527079e-07,1.29183452669997e-06
"284992",13.316222572605,1.55723199622582,0.293482331971023,5.30605023398673,1.12026097079494e-07,1.35046690811435e-06
"78995",36.1935027168011,1.21707108362048,0.229757779363913,5.29719205586837,1.17596991174974e-07,1.40882946251309e-06
"4313",15.5611758971969,3.54938635474248,0.670067073045278,5.29706129061298,1.17681204023134e-07,1.40896429764089e-06
"79674",40.2182092711083,1.80956007972956,0.341655782156537,5.29644213338814,1.18080734291021e-07,1.41287183434213e-06
"200315",3091.45209923862,1.37219096958932,0.259096702537226,5.29605724871072,1.18329754169755e-07,1.41497474459833e-06
"7745",166.644994168137,-1.03805786696114,0.196087840677244,-5.29384108354663,1.19773526989121e-07,1.43046775090532e-06
"134",14.608512565764,-2.64770107564367,0.500815403129244,-5.28678043666398,1.24487909605459e-07,1.47945262172346e-06
"273",38.4621655266744,1.83881060906092,0.347845627126021,5.28628352828116,1.24826372662923e-07,1.48256267457956e-06
"94121",57.7776185135207,2.04577383480714,0.387518236398104,5.27916790141841,1.29771851598027e-07,1.53607822079933e-06
"200772",91.5821064732151,-2.19605008007532,0.416285348589158,-5.2753479975166,1.32504401115136e-07,1.56544622344666e-06
"5358",23.2039570627659,1.70503999535468,0.323530402706637,5.27010748013295,1.36343897472024e-07,1.60847486131933e-06
"239",484.736319175687,1.20576482412785,0.228864945168893,5.26845569660327,1.37576236054179e-07,1.62103250193917e-06
"57221",4.74047814157338,2.95539755604551,0.561069957823005,5.26743147594764,1.38345775971971e-07,1.62910586925043e-06
"105378083",616.694443050343,-1.3556231276295,0.257403213113096,-5.26653537550782,1.39022467417224e-07,1.63607671588143e-06
"100128327",23.5717786050013,1.62476636119789,0.308739505583858,5.26258004502951,1.42047787308371e-07,1.66457941049712e-06
"6319",217.713419032122,1.15310228740354,0.219227611048445,5.25984059165216,1.44180338369376e-07,1.68547862868607e-06
"922",3.16412001527175,3.71384747864065,0.706137042412126,5.25938628846653,1.4453697501001e-07,1.68862556648113e-06
"112268199",68.1476972342737,-1.19109517816924,0.226646365386866,-5.25530235676245,1.47781481424907e-07,1.7223632886408e-06
"2903",3.87731083052944,3.18399639223052,0.605910964034779,5.2548915289933,1.48111738552796e-07,1.72413134112815e-06
"55553",8.37098964906912,2.13347732579273,0.406100403937078,5.25357105067863,1.49178088918911e-07,1.73236756055442e-06
"117289",7212.20944369146,-1.59431745336258,0.303601672881195,-5.25134607537708,1.50991682038994e-07,1.74922097392745e-06
"105377275",29.6371799529772,1.32395408815546,0.252173925218104,5.25016250990411,1.51965084070323e-07,1.75675905682105e-06
"367",10.8831062618785,1.75908980843995,0.335065851303903,5.24998235897356,1.52113777097488e-07,1.75695051633175e-06
"148",4.14117939036323,2.81314728118291,0.536489232752286,5.24362300199568,1.57453757546987e-07,1.81320630038605e-06
"2887",184.577046217062,1.61989516687167,0.309285254880778,5.23754411601709,1.62727411034126e-07,1.86836608911476e-06
"100507118",15.7866018458932,1.16753566579132,0.223117783130016,5.23282209697721,1.66941397613307e-07,1.91447284483859e-06
"25849",155.265591508502,1.05793289537352,0.202268551057583,5.23033803249196,1.69200363468133e-07,1.93807676114863e-06
"337873",26.4191246566353,1.08493589570855,0.207549220288084,5.22736676246063,1.71941217819688e-07,1.96597323773464e-06
"414152",159.122200468765,-1.00426855707076,0.192125316898482,-5.22715367908234,1.72139418109434e-07,1.96707481806473e-06
"2998",31.6285008363371,1.73043629991509,0.331102842307333,5.22628041443657,1.7295399852509e-07,1.97521444087317e-06
"102723170",70.9052265215308,2.79883570304031,0.535948397804064,5.22221115784272,1.76799198676822e-07,2.01793506196619e-06
"1800",4.85368326970878,2.02890416548374,0.388543827796559,5.22181545641762,1.77177491226278e-07,2.02105830511629e-06
"2867",331.036955296133,1.36852006979578,0.262152358400437,5.22032331940866,1.78611033063571e-07,2.03500664927651e-06
"3044",4.8864385023594,4.49451007916031,0.861213635546842,5.21880970487241,1.80076662714881e-07,2.05049558393265e-06
"101927811",6.94107149051079,1.8059508073167,0.346245569617513,5.21580914179402,1.83016546924395e-07,2.08151681637451e-06
"27286",11.3027780645098,2.11774597724688,0.406907521214906,5.20448963667202,1.94530479294864e-07,2.20338569861725e-06
"161502",20.3002591138092,1.91005112021877,0.36709108111157,5.20320764654656,1.95877795078724e-07,2.21716812876341e-06
"100129617",9.41104557354869,3.02900505680327,0.582565773789436,5.19942158136134,1.99909644481384e-07,2.25769301416637e-06
"105371589",5.815901588,2.09343822912327,0.403407911593301,5.18938317509694,2.10991826806533e-07,2.36899660423707e-06
"7122",319.82027344267,1.7306993250657,0.333565639828727,5.18848202097299,2.12015226739435e-07,2.37634246012302e-06
"28464",33.8525694704313,2.38679593979182,0.460149592955429,5.18700000246009,2.13708728093851e-07,2.39393442978448e-06
"649179",38.4240794955415,2.21754096678165,0.427727197608117,5.18447500926363,2.16624188385572e-07,2.4225128104491e-06
"5733",6.4616606642586,2.20414495188702,0.425237430056891,5.18332770375396,2.17961578642397e-07,2.43592245760531e-06
"284232",3.99144875149706,2.52224042623971,0.486687154844697,5.18246763065806,2.18969376881467e-07,2.44577015982354e-06
"105371687",9.13872267794968,-2.29198171860859,0.444087964845416,-5.16109847607876,2.45504985824903e-07,2.72013326807259e-06
"148823",13.1158388862875,2.14400277607519,0.415753402895957,5.15690974780002,2.51058735920653e-07,2.77371070257418e-06
"100996941",6.06530276841695,2.44807007045338,0.474875267099055,5.15518545618997,2.53380030975227e-07,2.79456034162969e-06
"79166",56.0817023684151,2.81957491686089,0.547098954211262,5.15368361638672,2.55418735982243e-07,2.81383150558418e-06
"669",719.764861237357,1.27153618127362,0.246892686620175,5.15015733629152,2.60268032563591e-07,2.86072637727266e-06
"10256",57.840795878671,1.30991749901703,0.254731458579153,5.14234679267145,2.71327683030515e-07,2.96708958928953e-06
"101927741",39.9333857460537,1.33441570096871,0.25951935287062,5.1418735682266,2.72012150198168e-07,2.9728911401398e-06
"5950",3.74899435073346,3.78956311131274,0.7371259000328,5.14099845242734,2.73282305062438e-07,2.98339619862398e-06
"111064646",28.8607466425264,1.10642831492951,0.215519432417057,5.13377518918307,2.83987290463451e-07,3.08283448759425e-06
"25794",16.8597245440979,1.17800277400562,0.229458602698103,5.1338357340017,2.83895901580075e-07,3.08283448759425e-06
"55363",107.04287504509,1.72050179660508,0.335154722554553,5.13345532920257,2.84470572223541e-07,3.08461296506514e-06
"107984360",175.929629013982,1.79400517136211,0.34958760613462,5.13177566904723,2.87021463295382e-07,3.10529887908147e-06
"9540",261.748573863559,1.0959783147844,0.21369197310073,5.12877624218378,2.9163172318721e-07,3.14988357840682e-06
"30846",15.7756414780642,2.06580560911416,0.403166094026998,5.12395670102114,2.99189717104258e-07,3.22250519616142e-06
"1509",18918.5661552241,1.15896148141147,0.226239045347682,5.12272971993135,3.0114386593283e-07,3.2381349325695e-06
"100132417",160.746787821271,1.54409401008421,0.301485067509634,5.12162682828354,3.02910897132199e-07,3.25351237231203e-06
"326342",36.8701462873941,-1.30796500157947,0.255395030406881,-5.12134084792367,3.03370721255628e-07,3.2566400049409e-06
"23768",8.86995736329674,2.70274009174996,0.527827081239628,5.12050288401733,3.04721956694676e-07,3.26932801538199e-06
"89872",71.686578653684,1.92434010278083,0.376120890692183,5.11628082991995,3.11618994959965e-07,3.33961488938227e-06
"3043",90764.5106029953,4.88479919988884,0.955490653567035,5.11234639674697,3.18181683693896e-07,3.40427959861303e-06
"6886",102.798236916329,1.59828901511836,0.312641137814873,5.11221596201063,3.18401519908854e-07,3.40474537789579e-06
"10053",15.0005948613432,2.0280576548191,0.396852044192342,5.1103621223535,3.21541900328659e-07,3.43452277607691e-06
"100507472",6.28657756354756,2.26992648864886,0.444406429632911,5.10777148414317,3.25980543259948e-07,3.47424737937976e-06
"54749",61.9775346847539,1.2326617738778,0.241381470751522,5.10669592839915,3.27840661114408e-07,3.48829688564267e-06
"114132",68.8251642602056,1.78269748873125,0.349097438659025,5.10658999842297,3.28024414821563e-07,3.48833012061345e-06
"2624",82.8083526087476,1.35010892572674,0.264445011024681,5.1054429822491,3.3002048895655e-07,3.50762558212927e-06
"5592",12.9467540856844,2.27300047776358,0.445268422053922,5.1047870569369,3.31167215756415e-07,3.51624358213948e-06
"57596",20.1667564172475,-1.51476217592528,0.297052868698801,-5.0993016245239,3.40908941531503e-07,3.61142812882961e-06
"6279",40541.5138684091,1.96428330406273,0.385292944341153,5.098155398152,3.42979212473466e-07,3.6313676268024e-06
"3680",33.7050126437792,1.7546482093782,0.344398226483596,5.09482359213535,3.4906613531865e-07,3.68571088314586e-06
"107984858",11.9333205930506,1.15873315460306,0.2274798695868,5.09378327281359,3.5098797771167e-07,3.6999344026025e-06
"2209",487.648220892291,1.55565018332061,0.305424173431252,5.09340883481434,3.51682195137045e-07,3.70119158173657e-06
"1230",2410.43180896156,1.13771032131956,0.223418154277836,5.09229129117561,3.53762038777386e-07,3.7210525560288e-06
"83999",35.4274881231359,1.92631330424773,0.378329298288785,5.09163131948967,3.5499587271656e-07,3.73199798252706e-06
"144535",12.7612101168106,1.37835162622467,0.271112617380536,5.08405562065746,3.69459669141342e-07,3.86302389304688e-06
"283028",11.0238922260472,1.62967203359849,0.320611883415644,5.08300570844957,3.71508531898742e-07,3.88024487183803e-06
"28786",13.2464379586695,2.66783243659792,0.525321853258165,5.07847221670186,3.80482058013067e-07,3.96325215984269e-06
"84981",1002.39396439554,1.03240755706957,0.203394726622861,5.07588163278136,3.85703359373418e-07,4.01114877556244e-06
"2184",234.065226575022,1.1133707795449,0.219393368350768,5.07476952432233,3.87965956542284e-07,4.03250729426512e-06
"6948",1063.94815485619,1.483579084054,0.292588207653,5.07053615029309,3.96696552099926e-07,4.11439517408903e-06
"105370125",6.38975449597369,1.91564490427778,0.377905923565653,5.06910525826934,3.99690157165272e-07,4.1409958772402e-06
"286",427.186992483557,1.829159207688,0.361076066794512,5.06585557975786,4.0657007863772e-07,4.2055068873335e-06
"163255",64.2469012270776,-1.14627756415105,0.226502207409316,-5.06077877678072,4.17547460567498e-07,4.30751952910231e-06
"343450",2.57398246287709,3.69850778850053,0.730863774442551,5.06046122113725,4.18243519952372e-07,4.31239661362531e-06
"105371455",4.34437433258406,3.8356037810469,0.758003483288916,5.06014004632871,4.18948650957897e-07,4.31736197828117e-06
"1910",11.1631391928549,2.89618830770301,0.572612827830849,5.05784740917217,4.24015497166577e-07,4.36491859343333e-06
"57463",244.203185035623,-1.1054625009412,0.218575792416356,-5.05757059700122,4.2463125163683e-07,4.36892846649465e-06
"284422",9.80780419969942,2.37709471575373,0.470387800586464,5.05347866758034,4.33834792483742e-07,4.4588704164162e-06
"64064",10.6541154208,1.71092903461362,0.339209640694305,5.04386912798716,4.56211390422664e-07,4.67347638269756e-06
"11343",492.440656316969,1.33218579996979,0.264239283709399,5.0415887496686,4.61682646835202e-07,4.7199657361998e-06
"2817",28.4108198841455,1.21473058781233,0.241326364935587,5.03355937979077,4.81455590333599e-07,4.9013549607393e-06
"129446",14.6303809642373,2.58356219941415,0.513927924517215,5.02709052410638,4.97977316435572e-07,5.04826138320408e-06
"85479",5.86001380124706,2.38560008188287,0.475432890383037,5.01774305088755,5.22820372158146e-07,5.27518653454447e-06
"342618",47.116019690863,1.44548972186435,0.288180847422163,5.01591183034733,5.27825317560931e-07,5.32012658284796e-06
"1428",22.3975599527395,2.03389786660072,0.405580947575283,5.01477665250337,5.30951057080871e-07,5.34605151947121e-06
"102724397",14.093038504539,1.88241922096948,0.375397632960195,5.0144674757954,5.31805470404544e-07,5.35186411904771e-06
"146434",85.6954272393066,-1.03412809271748,0.206365806674603,-5.01114069904078,5.41083338748642e-07,5.43390610395932e-06
"51276",97.0161495831321,-1.08153782862137,0.215946890954976,-5.00835100629844,5.4898348859139e-07,5.50751643203997e-06
"100302650",530.446412799288,-1.38956829070854,0.277500413127334,-5.00744584502989,5.51570632560356e-07,5.53059815991984e-06
"57110",15.4823089042668,1.98240694930556,0.39619247923605,5.00364608921424,5.62559967680196e-07,5.63493677170121e-06
"105375547",17.3091915738662,1.4672339245161,0.293332049993147,5.00195571725074,5.6751628123152e-07,5.6757506075314e-06
"2781",212.362420569963,1.42686917051987,0.285260979080863,5.00197810130701,5.67450375088345e-07,5.6757506075314e-06
"5414",77.2660303802045,1.41879267872556,0.284122265598996,4.99359906107467,5.92643657141081e-07,5.90869091724757e-06
"57101",8.49429074526614,2.77038868723447,0.555139765400532,4.9904345894509,6.02435985828929e-07,5.99394320367247e-06
"10217",202.300092414494,1.49502885973497,0.299864217088862,4.9856861023599,6.17423158713607e-07,6.12098359398212e-06
"6785",21.0948584452605,-1.57373644888808,0.315716252954893,-4.98465452493802,6.20726213863373e-07,6.144266859113e-06
"83417",3.58940374276152,3.06637184259496,0.615378438973716,4.98290425597106,6.26369481202724e-07,6.19695052304662e-06
"79690",54.3569424517819,-1.26744603581218,0.254485838824609,-4.98041872060983,6.34468458690062e-07,6.2706524433073e-06
"100131234",76.6001957881592,1.1866244895342,0.238280538544151,4.97994715298299,6.36016384156701e-07,6.2827357600175e-06
"339416",4.99146444692513,3.56044631120118,0.715001371145418,4.97963564111411,6.37040920624054e-07,6.2864252729135e-06
"80816",5.36848853676999,2.45053471773283,0.492493877502264,4.97576686670905,6.49898287091242e-07,6.39696010209279e-06
"112935969",7.88644540838149,-1.41374947327951,0.284265130726899,-4.9733481896439,6.58063104930968e-07,6.46086155690232e-06
"105378500",23.6580067290934,1.60585557978517,0.322993894353187,4.97178308277619,6.63399077839456e-07,6.50333146763227e-06
"63895",4.1962139640817,2.80537358219237,0.564381168054976,4.97070728256317,6.67090994652101e-07,6.53289112004126e-06
"25853",1396.03736004727,1.62254494096261,0.326730446944033,4.96600471776831,6.83462926851717e-07,6.67967411101233e-06
"103021294",262.162326826007,1.1862258094931,0.239123764353111,4.96071903477321,7.02327165693207e-07,6.85017284033697e-06
"22871",5.98513444230906,2.44037350688479,0.492393683974282,4.95614299352437,7.19063046926092e-07,6.99926691644995e-06
"192217",8.96127607676139,1.7689041927365,0.356988599249618,4.95507194474754,7.23035309979563e-07,7.02730644505552e-06
"105369379",3.89751525664524,2.33090783178051,0.47068118168735,4.95220102793236,7.3378741440737e-07,7.12822059710016e-06
"51375",21.3778945239823,2.47731071416736,0.50052631333296,4.94941154576104,7.44381981801961e-07,7.2129979089611e-06
"338442",688.678492185224,-1.53002203686389,0.309198041693203,-4.94835616838101,7.48428646414301e-07,7.24857272796037e-06
"149233",21.9883946374314,-1.8820045505343,0.380587625956927,-4.94499668979594,7.61451583237895e-07,7.36731110996504e-06
"8819",440.208885809085,1.39583374594945,0.282359895710845,4.94345608973759,7.67496430494964e-07,7.40758286149298e-06
"1464",4.59363337183355,2.0734635854338,0.41956116443923,4.94198167317301,7.73324866625531e-07,7.45604085085984e-06
"598",930.569771826509,1.28326882279297,0.260462419239293,4.92688667540172,8.35501793049566e-07,8.00754869844824e-06
"9717",65.4009184797039,2.0735915127864,0.420970633846265,4.9257391040337,8.40420713047424e-07,8.04670540920767e-06
"4036",4.7780840053143,2.65910132223535,0.540795671172252,4.91701665523944,8.78730780474086e-07,8.38855602200472e-06
"8853",83.2118270849433,1.22393124253485,0.248975191186505,4.91587630358727,8.83861952765969e-07,8.4271138033547e-06
"6037",63.6484925535052,2.83843144610665,0.577400810939342,4.91587713825508,8.83858186531208e-07,8.4271138033547e-06
"100506343",14.7324097101582,2.01049804343346,0.409061455588264,4.91490463344243,8.88256873511919e-07,8.45441929091286e-06
"8460",269.35390995598,2.07690475967087,0.424186408757495,4.89620769735275,9.77038005052563e-07,9.22907766183628e-06
"388077",218.132800855511,1.3443973514663,0.274694121573684,4.89416134486038,9.87258207570429e-07,9.31346159336092e-06
"1415",15.6475612121056,1.01556618126612,0.207509175736431,4.8940784312885,9.87674468889973e-07,9.31346159336092e-06
"26230",43.2920869544639,-1.08527153858469,0.221756731941111,-4.89397336028964,9.88202212607744e-07,9.31389025372414e-06
"105379392",15.9655206678463,2.84515023645704,0.581900234564204,4.88941242408646,1.01137404252497e-06,9.51835063803228e-06
"6262",23.6378947641131,1.85943792417748,0.380351610747688,4.88873419129796,1.01486416223394e-06,9.54654491040521e-06
"107986233",4.56752711639539,3.26738608576683,0.668465353089385,4.8878914526628,1.01921696673259e-06,9.58282281477107e-06
"105371362",42.6372210076916,1.67528434014083,0.342872540467131,4.88602656211084,1.02891323132076e-06,9.66457797824245e-06
"407004",46.4737309546957,1.09707129541664,0.224880233876935,4.87846920337611,1.06912352844544e-06,9.99366581865358e-06
"51257",1491.83377000662,1.0726777861867,0.220003815142893,4.87572356638451,1.08410336237808e-06,1.01189966816073e-05
"56952",18.7095453351177,1.55991527330835,0.320180420719324,4.87198833021648,1.10480696196948e-06,1.0297312765229e-05
"3592",37.0096126398891,1.04260531441604,0.21401329794728,4.87168472434302,1.1065064020472e-06,1.03081773450726e-05
"2841",374.421001400825,-1.43638655686663,0.294897327393676,-4.8708022197472,1.11146053505092e-06,1.03443498086281e-05
"107986751",6.91927679365256,1.85398328818401,0.380808399572268,4.8685462039872,1.12422239302678e-06,1.04480186978505e-05
"8341",53.5769871618817,1.01132278959902,0.207920687835804,4.8639834743028,1.15046523319268e-06,1.06713662744558e-05
"6532",42.490802201339,1.49390583105204,0.30716410966865,4.86354292063476,1.15303008361326e-06,1.06848929821206e-05
"105371453",4.12459866514167,2.19614118852448,0.451652729386162,4.86245525740371,1.15938590929207e-06,1.07386382159465e-05
"5792",25.2458393940569,2.01494365405069,0.414974016379714,4.85558992736295,1.20028866531797e-06,1.10459462394763e-05
"26577",3.6213011415162,4.77251856982762,0.983174947099104,4.85419058318067,1.20879443770259e-06,1.11110129371311e-05
"4130",314.139672264821,1.49992717633984,0.309322764732049,4.84906818170707,1.24042783315633e-06,1.13801151134988e-05
"101929107",22.009372854235,1.07243076112147,0.221223755803045,4.84771970907254,1.24888683816852e-06,1.14414149045116e-05
"55620",14.0386776066827,1.0078807682764,0.20790779950724,4.8477294775144,1.24882536140278e-06,1.14414149045116e-05
"143872",34.0551902905521,1.17927742773417,0.243384477403647,4.84532719717521,1.26403188588699e-06,1.15582309565575e-05
"101928077",22.8747502034471,1.22533468735131,0.253332466131713,4.83686400745112,1.31903605508224e-06,1.2015671837617e-05
"9241",44.3126185419316,-1.93583360612356,0.400405200512222,-4.83468647172195,1.33355648157724e-06,1.21136607583348e-05
"100302185",6.83849581063359,1.43733662929096,0.297817246481896,4.82623705064151,1.39136887396545e-06,1.26210031442089e-05
"5314",5.86260361790355,2.50469957943576,0.519317398812891,4.82306116675709,1.41371594000147e-06,1.28056670887938e-05
"85439",242.195415647182,1.62083689150081,0.336146344662799,4.82181917856859,1.42254871734152e-06,1.28735992639641e-05
"8842",19.6682661887048,1.99136981651813,0.413042534494297,4.8212221507798,1.4268135253166e-06,1.29061465109668e-05
"56729",709.885500947185,2.57694005026943,0.534738982559229,4.81906151284566,1.4423508225823e-06,1.3004051860742e-05
"283521",22.4675293349879,-1.34896405672238,0.280157222569861,-4.81502509322601,1.47181394085932e-06,1.32326214273162e-05
"6590",7.46476990301542,2.12666571223387,0.441685745956074,4.81488418339261,1.47285286953903e-06,1.32358001938287e-05
"348",8.74539972240479,2.20152051559484,0.457283521645168,4.81434473666236,1.47683673287794e-06,1.32654283652738e-05
"7450",134.39772055688,1.70732778544477,0.354649346215138,4.81412923403238,1.47843113402168e-06,1.3273576039157e-05
"28373",2.38744310786398,4.52501324009133,0.940110650422404,4.813277286092,1.48475051009693e-06,1.32993978900705e-05
"85027",522.930117153873,1.01923510755004,0.211883000273474,4.81036754357133,1.5065301185725e-06,1.34819785217202e-05
"155038",1146.92595884025,-1.16924819724986,0.243273413431405,-4.8063131139464,1.53739058667712e-06,1.37073347229495e-05
"7052",135.118309104198,1.22272899801339,0.254543674954756,4.80361178972812,1.55828822060205e-06,1.38808404595327e-05
"3797",103.433013900773,1.0978693733889,0.228671406142982,4.80107850783246,1.57813380025488e-06,1.40317311006087e-05
"6507",53.7938734938666,1.97144042174817,0.411087648077027,4.79566932008323,1.62132552368561e-06,1.43826543469989e-05
"121599",3.94858592351559,3.03739309969924,0.63381068444017,4.79227184751879,1.64903250987077e-06,1.46083100140479e-05
"222389",8.62160791168706,1.99575786449574,0.416758897403484,4.78875886496924,1.67815984860005e-06,1.48391130934817e-05
"2570",45.2570894213054,1.09469198858736,0.228673959294979,4.7871300779607,1.69183186395852e-06,1.49394864914343e-05
"28892",7.78882556566147,2.4572363599011,0.513474288261006,4.78551003638969,1.7055366287361e-06,1.50467443463461e-05
"23254",10.2877739648048,1.75929674090277,0.36791263802161,4.78183285674312,1.73704084347471e-06,1.5268881551745e-05
"283310",3.01347976374513,3.13019976147019,0.655356690345942,4.77632990946939,1.78523419831364e-06,1.56426691641711e-05
"101927825",34.904473064839,2.07836620833072,0.435435511867588,4.77307466131227,1.8143449151936e-06,1.58761345728223e-05
"1300",23.3202712346314,1.80714214234913,0.3788311107425,4.77031080897019,1.83941877439764e-06,1.60736902131979e-05
"8340",4.98833440011812,1.95546741508863,0.410373638452285,4.76509022963471,1.88769156892007e-06,1.6450857210733e-05
"55076",8.19831620759711,2.25808361567263,0.473962151109752,4.76426991139582,1.89538655384966e-06,1.65030230513727e-05
"8291",2087.82881513114,1.48424589242232,0.311657936981019,4.76241967972956,1.91285343067632e-06,1.6640101555505e-05
"90011",37.3227763019833,1.4714688291798,0.309225164161941,4.75856754144753,1.94971653922776e-06,1.69531408399669e-05
"2048",168.819852132082,1.44191149682507,0.303140688603471,4.75657525048112,1.96904860595151e-06,1.71058329636238e-05
"7220",37.2566484491648,-1.0300112633191,0.216597435556036,-4.75541762844474,1.98036595971323e-06,1.71809646963081e-05
"90993",4.63465909769918,2.98416353989575,0.627979425221649,4.75200845766958,2.01405945848078e-06,1.74341175536445e-05
"105371475",3.43502114864103,3.18078236015928,0.669719583679695,4.74942414358388,2.03996696235942e-06,1.76425624617488e-05
"107985228",13.084072287699,1.09285435950602,0.230259011345046,4.74619583017475,2.07278041459799e-06,1.78703282887127e-05
"389170",25.8652041860281,-1.06207089022466,0.2241686932924,-4.73781987406835,2.16029697281849e-06,1.85503135344912e-05
"100874530",279.150352636073,1.3009386258463,0.27481044653089,4.73394895379301,2.20193126957419e-06,1.88742550723554e-05
"100873998",5.88715863362637,2.2111770622477,0.467621215161981,4.72856446746488,2.26112833228714e-06,1.93473240377178e-05
"102724008",16.5068370490015,2.61508549732607,0.553096446870823,4.72808225784323,2.26650367397352e-06,1.93761482743589e-05
"100505591",12.981583026197,1.27121368778594,0.268915109721153,4.72719323620047,2.27644605842333e-06,1.9438822912824e-05
"79152",16.700945104525,1.53701346056377,0.325215571990191,4.7261373468615,2.28830902143582e-06,1.95279822456777e-05
"93556",5.22084207294252,2.32100916416557,0.491962086222622,4.71786186205267,2.38336227993706e-06,2.02496666740627e-05
"108783645",12.9546039096416,1.22352518826472,0.259517353985372,4.71461799943323,2.4216463453586e-06,2.05478181992818e-05
"81615",11.7689686081447,1.25244522181974,0.265953056179766,4.709271778299,2.48603401302961e-06,2.10775783217167e-05
"390110",5.56366334428735,2.95097880534336,0.62711381008728,4.7056511240482,2.53056961207502e-06,2.14249716564633e-05
"7851",4.14360150266203,1.80482362255069,0.38379152684892,4.70261456100661,2.56851017191296e-06,2.16891422999488e-05
"7125",16.5413878948576,1.27073017574855,0.270334221698354,4.70058939547232,2.59411660656656e-06,2.18957954134674e-05
"10253",115.75934579267,1.67457552583686,0.356329444643844,4.69951487593347,2.60780226974891e-06,2.19958699383941e-05
"55432",288.001892436659,1.05746814311927,0.225299490816163,4.69361088783878,2.68424382061853e-06,2.25775769441572e-05
"105375754",17.0463992860878,-1.68167401787693,0.358868651047967,-4.68604324441857,2.78537435083602e-06,2.3367137038812e-05
"11274",400.158732541468,2.12776589065689,0.455205892390266,4.67429338289996,2.94967421262304e-06,2.4659787183626e-05
"107986457",16.7274713553566,1.05573830577641,0.226055862877978,4.67025403515537,3.00827486270814e-06,2.51279429708563e-05
"8654",233.741842041662,1.08400227834585,0.232175818267258,4.66888535781127,3.02838301029046e-06,2.52648276712368e-05
"28906",38.7357037981787,2.69538245230838,0.577707658945062,4.66565123479643,3.07641126063275e-06,2.56084716660947e-05
"7429",85.9151274689178,1.34587574681538,0.288487378913341,4.66528467167246,3.0819007715879e-06,2.5636175671118e-05
"11309",9.83147827705768,2.40993774210045,0.516680674280981,4.66426917448411,3.0971575907244e-06,2.57478723168616e-05
"57096",46.153101748822,-1.04741581362652,0.22467223536637,-4.66197263724425,3.13192838930422e-06,2.60145380878465e-05
"100874028",4.81359416269366,1.40084506373239,0.300764323073296,4.65761713164031,3.19890423862009e-06,2.65366145430546e-05
"11259",32.9329336194643,-1.87106419985089,0.401803805921787,-4.65666121693009,3.2137863626556e-06,2.66486226859617e-05
"2537",2620.52837819066,2.04620212922673,0.439488943172154,4.65586714072396,3.22619938179375e-06,2.67285982244534e-05
"6038",249.209349116814,1.02841855634054,0.221146314567571,4.65039880203975,3.31293777097587e-06,2.73884649970402e-05
"4780",2115.00685338922,-1.03709500794621,0.223046437276107,-4.64968201515094,3.3244718383584e-06,2.74603080164147e-05
"56670",29.8326930341122,1.78191173243338,0.38350206809729,4.64642013868182,3.37744797535216e-06,2.78266325498465e-05
"729359",17.4213081476978,1.17409586328268,0.253039810434161,4.63996499708163,3.4846819632141e-06,2.86610639154986e-05
"1902",124.149729863069,-1.28578682419308,0.277122509342231,-4.63977764651809,3.48784250210485e-06,2.86748464881434e-05
"102723534",15.6787808742509,1.24405647026598,0.268175959685127,4.63895597400551,3.50173632320444e-06,2.87523519871276e-05
"116931",58.0562137673984,1.21299022569958,0.26154579191697,4.63777381700201,3.52181878098524e-06,2.88804094685295e-05
"4586",5.285442503511,2.74222336603808,0.591393502674703,4.63688450014379,3.53699921454068e-06,2.89925843935525e-05
"107987145",4.30739240428376,1.91576333479373,0.413320741931615,4.63505249177814,3.56846915930527e-06,2.9213343113397e-05
"51561",137.62962260593,-1.38284603444331,0.298363419892651,-4.63477069320645,3.57333360995272e-06,2.92323824185692e-05
"11006",1073.39168473587,1.07738623681042,0.23254587340729,4.6330051831255,3.60395512288238e-06,2.9466376516979e-05
"101928419",47.8695978668154,1.32246071062114,0.285558424725103,4.63113883575392,3.63659908357249e-06,2.97063962093548e-05
"29951",2.3623232898822,3.94299542758257,0.851599798060263,4.63010376066757,3.65482541418401e-06,2.9794001012546e-05
"30850",7.7316462864496,2.22253569220465,0.480183305641091,4.62851512348468,3.68296971649456e-06,2.99854600189472e-05
"105378781",7.29071002734518,2.19108624481585,0.473546802323184,4.62696872635724,3.7105651793261e-06,3.01974019145156e-05
"257019",188.775611712237,1.22610062057888,0.265045144650891,4.62600672120917,3.72783205881365e-06,3.0312375882025e-05
"23612",24.8647540960957,1.42929969271945,0.30898858815658,4.62573618413103,3.73270174648457e-06,3.0339198707117e-05
"57636",14.5445808159947,1.11657217452966,0.241499212478359,4.62350234218555,3.77314479310705e-06,3.06292443230279e-05
"105372831",15.210764639979,-1.55630669794246,0.336647292935761,-4.62295919379169,3.78304163175371e-06,3.06966806690872e-05
"164668",63.313632172274,1.1388382367123,0.246382052565676,4.62224510613948,3.79609106570793e-06,3.07896306849859e-05
"130612",7.6484767841818,1.27849310908417,0.27665127098531,4.62131659301886,3.81312351077799e-06,3.08759082767902e-05
"220441",7.28454376089027,1.96908231112335,0.426081325742164,4.62137670007839,3.81201870581723e-06,3.08759082767902e-05
"147645",31.8312245179139,1.09752946770668,0.237542369265083,4.62035244955354,3.83088706752062e-06,3.09937541047165e-05
"373856",57.2097452264806,2.02483437207552,0.438543884749323,4.61717616523814,3.88997034599831e-06,3.14478250809962e-05
"4923",37.1835987952721,2.08965875153271,0.452709185067321,4.61589651913504,3.91401951034848e-06,3.16265877756694e-05
"10634",833.775820473307,1.24575744763209,0.270218216690219,4.610190470838,4.02300211633507e-06,3.2439338985663e-05
"8848",1326.36455997205,1.06075667347109,0.230353253775874,4.60491291563508,4.126384992416e-06,3.31621918325168e-05
"3355",7.25791034490456,1.95134076613493,0.423890526949569,4.60340734712169,4.15634149548774e-06,3.3361291338678e-05
"105369621",3.99080779158321,3.09730752932391,0.673240762785208,4.60059417155654,4.21287504758081e-06,3.37589389704899e-05
"3142",393.64771076909,1.3644493871514,0.296671354756384,4.59919491813368,4.24126810797628e-06,3.39301448638103e-05
"8807",605.388606030311,-1.14466974631224,0.249057857494641,-4.59599933054458,4.30680079749698e-06,3.43974098433671e-05
"162966",660.613720053864,-1.10586370772218,0.240647708000908,-4.59536355824345,4.31995394097979e-06,3.44881978124025e-05
"56911",674.253875885839,1.27867653800667,0.278637314175212,4.58903554174591,4.45298614125114e-06,3.54038980485146e-05
"28501",7.222297827624,1.66537834061916,0.363030364050778,4.58743539255636,4.48724228273215e-06,3.56390126740045e-05
"102724760",200.275158931086,1.21093138932646,0.264106293847708,4.58501526671196,4.53953265397487e-06,3.6017853169089e-05
"254228",17.6903065127612,1.86372176527011,0.406906752659578,4.58021832542386,4.64490798044292e-06,3.67222852433338e-05
"105378415",15.4544430906848,2.12435008940336,0.463834316416324,4.57997611262684,4.65029038583741e-06,3.6745666093e-05
"3737",16.6415393464968,1.07410456815874,0.235216395359803,4.56645280409008,4.96046656624682e-06,3.8878461983506e-05
"105379280",12.333040095776,1.3753808655227,0.301236029295136,4.56579137874366,4.97613465269819e-06,3.89538355950172e-05
"105377885",3.15774147198842,2.29921575192905,0.503960648821778,4.56229222917392,5.05981553022302e-06,3.95447824846892e-05
"100873924",21.4495571628447,1.40267444400492,0.307570960570765,4.56049050080004,5.10342710989616e-06,3.97890126549514e-05
"28834",192.971246497672,2.40333633709655,0.527338014099717,4.55748736642773,5.17692032758189e-06,4.02969308207422e-05
"6354",7.73764968630303,3.30778498600107,0.725828257236169,4.55725573236368,5.18263081891141e-06,4.03251274676942e-05
"8843",797.970065393313,-1.24330182602417,0.272823772519675,-4.55716089012921,5.18497071134333e-06,4.03270859353453e-05
"2983",239.458955700499,1.28046751164821,0.281173254114098,4.55401604851295,5.26313381553888e-06,4.08527492948902e-05
"256158",4.48390663126929,2.66029121357873,0.584474282191732,4.5515966991787,5.32403177767552e-06,4.12922496748874e-05
"105377862",4.20514693195246,2.65708698523467,0.583795273591879,4.55140201613244,5.32896140596961e-06,4.13138910767102e-05
"83700",270.931123152487,1.37240124036213,0.301553246012157,4.55110750260934,5.33642717897411e-06,4.13551692136228e-05
"112464",80.5941402112278,2.00360149086424,0.440490819326733,4.54856583373666,5.40127469174623e-06,4.18073815018049e-05
"103504738",5.27373075206446,-1.41877798897859,0.311976146032685,-4.54771304479783,5.42320107060874e-06,4.19602800783638e-05
"200728",10.6019317642656,1.22641725085285,0.269687215919581,4.54755427197766,5.42729273724724e-06,4.19751210819859e-05
"114784",5.52608196707573,2.4843079042981,0.547145904529811,4.54048524119537,5.61249077418615e-06,4.32343126569936e-05
"101928230",8.08887416894093,1.11213619354456,0.24503467938837,4.53868895750004,5.66050590766954e-06,4.35347232532513e-05
"51186",18.0574286881292,1.25823800703205,0.277282222318343,4.53775217362292,5.68570213548758e-06,4.3711098583016e-05
"25925",23.2966386827842,1.77547055099002,0.3913586068851,4.53668456437266,5.71454800104838e-06,4.38979120907901e-05
"117247",76.3607360233514,-1.03916142587149,0.229062163612281,-4.53659133173303,5.71707370513129e-06,4.38998518463203e-05
"2210",215.533960645764,1.29457528551967,0.285505823588879,4.53432181959212,5.77888617506576e-06,4.43239865944345e-05
"92949",4.70783348199122,2.30326601063181,0.507963884639599,4.53431056868537,5.77919419245992e-06,4.43239865944345e-05
"2850",232.53834165762,1.28768416173282,0.284344678441508,4.52860299264475,5.93749385965432e-06,4.54838879086252e-05
"105372588",14.5949593673943,1.54930266656322,0.342147850901871,4.5281671724063,5.94975038178426e-06,4.55597063334725e-05
"84706",125.458723531014,1.09478619163809,0.241871845177263,4.52630685822793,6.00234058789186e-06,4.59441939886514e-05
"7516",19.7642743576837,1.3094665000939,0.289475504311213,4.52358310320484,6.0801430546925e-06,4.64293090835198e-05
"8187",27.4800866728215,-1.02264763960517,0.226437877442987,-4.5162392933252,6.29475296532729e-06,4.79165428720538e-05
"10579",2.89622987953372,2.64293605206666,0.585241189520269,4.51597751387444,6.3025352408841e-06,4.79568796579802e-05
"139411",2.26259335329067,3.50142634410005,0.775457456158147,4.51530424563481,6.32259271460281e-06,4.80905515968529e-05
"7556",112.15420037117,-1.08415158655582,0.240231059863289,-4.51295343396808,6.39310625365432e-06,4.85694995950323e-05
"4635",18.99387815618,3.20649202415813,0.710958492906517,4.51009736313783,6.47978787809002e-06,4.91893331374507e-05
"9745",3.29222403948815,2.81583111671799,0.625154933228576,4.50421322307383,6.66192926876172e-06,5.043323325689e-05
"100874253",9.91898418409769,1.78780794453063,0.397256925155056,4.50038207347251,6.78314281669428e-06,5.12103417028928e-05
"105374542",5.09136179930749,1.70068635879219,0.377992065087374,4.49926470916544,6.8188905743696e-06,5.13797950730494e-05
"284306",32.7529458543327,-1.08845830566192,0.241917186159732,-4.49930128132044,6.81771767667348e-06,5.13797950730494e-05
"22941",3.41014557322331,2.32164721557585,0.516179792136624,4.49774913885306,6.86766619377369e-06,5.17069666799835e-05
"342184",128.321982420706,1.40786951361957,0.313034491966329,4.49749005221764,6.87603771380318e-06,5.17296612111286e-05
"196264",395.072518878666,-1.11771053637718,0.248540966182648,-4.49708775798269,6.88905585754211e-06,5.18074169473728e-05
"28383",3.2544295011767,4.25445916069864,0.946125261091324,4.49671870698311,6.9010189889661e-06,5.18464751878208e-05
"374618",16.7553151537123,1.07482460301985,0.239072004362285,4.49581959998578,6.93024761196591e-06,5.19957039169719e-05
"55007",861.720432983285,-1.04402317233149,0.232343806002715,-4.49344094982798,7.00814607667839e-06,5.24985713858856e-05
"94274",51.7091991827158,1.22392887378407,0.272841998136324,4.48585218604266,7.26230778830732e-06,5.42551984556251e-05
"28891",21.0366478722939,2.87685067864361,0.641567893816661,4.48409389928998,7.32244146145006e-06,5.46199264208279e-05
"4312",4.6822391660755,3.04203752307454,0.678547431728019,4.48316120706191,7.35453266224213e-06,5.48169566859205e-05
"27445",4.07270635450253,2.37903691890641,0.530826113880022,4.48176315501336,7.40288753664766e-06,5.51348106855918e-05
"54674",283.450036655028,-1.54911781607204,0.34567564505289,-4.48142019330003,7.41479601807134e-06,5.5180940539882e-05
"11326",480.675737532964,1.9214086053883,0.429261128645283,4.47608338414457,7.60248025666311e-06,5.64254799064866e-05
"6348",2121.55283255691,-1.16065727367482,0.259560846394012,-4.4716192361037,7.76295564868419e-06,5.75060220511657e-05
"5654",59.5146542513543,1.85565578273827,0.415471699549496,4.46638311285797,7.95530947384328e-06,5.87731203362133e-05
"100996541",31.4396328057798,1.0708727186075,0.239823376277604,4.4652557862747,7.99731484540857e-06,5.90608582388261e-05
"2736",2.87562462868207,2.63932165485067,0.592647174575709,4.453445098663,8.45033229138226e-06,6.2192384607917e-05
"400685",20.1471702313362,-1.32610514444905,0.297779406280405,-4.45331381714261,8.45550302030691e-06,6.2206733077397e-05
"862",3.24273688930887,2.64343630290149,0.593896142247968,4.45100770127209,8.5468276329465e-06,6.28307328692283e-05
"55220",8.18843734730813,3.19995594507404,0.71910234280654,4.44993119141446,8.58978057570063e-06,6.30504912496885e-05
"3046",3.54517514114676,4.00974641118517,0.901610507122524,4.44731553094054,8.69500719399993e-06,6.37259882089285e-05
"5154",24.4430966591513,1.84742757585059,0.415476645164805,4.44652568886941,8.72702352045732e-06,6.39363726202852e-05
"7941",220.732703889148,-1.25701727376054,0.282726803305633,-4.44604918622334,8.74639305391853e-06,6.40054348833932e-05
"100874071",4.6120538328452,1.97923907080906,0.44516273965092,4.44610227792449,8.74423287759463e-06,6.40054348833932e-05
"103752588",9.40673576147012,-1.16619822888415,0.262527471829247,-4.44219502347042,8.90457943546789e-06,6.49660891793562e-05
"139105",61.6411703712628,1.50731734354321,0.339517793532752,4.43958276194971,9.01334489090965e-06,6.55861780456847e-05
"4883",14.7019133392505,1.98415485658019,0.447227921646822,4.43656301528302,9.14065854633117e-06,6.63625555814841e-05
"151126",3.02940480172208,3.76983893010393,0.849761121140722,4.43635138901541,9.14964492130356e-06,6.64028345434853e-05
"8302",81.4856016865604,-1.12058248726054,0.252799547637535,-4.43269182137634,9.30638418691943e-06,6.73379136072642e-05
"57604",5.7369602586084,1.9539138411028,0.440925175825341,4.43139550252576,9.36251829384093e-06,6.76933557808522e-05
"2152",19.6990311162701,1.9564579898782,0.442078716664667,4.42558738099633,9.61802134266118e-06,6.93848442919211e-05
"696",10.5418998119512,1.76407485622505,0.398632177626551,4.425319769037,9.62995284702983e-06,6.94449773643914e-05
"150051",3.52113274563112,2.37758254710292,0.537301443123513,4.42504403725632,9.64226116302801e-06,6.95077818515853e-05
"387778",13.4674354072332,2.7706045549185,0.626224687875874,4.42429787352566,9.67564436637801e-06,6.97224044789149e-05
"10435",242.656735085919,-1.03593644508535,0.234222480220242,-4.42287368877337,9.73966879702124e-06,7.01314257300799e-05
"497189",19.9322798663774,-1.27980798402103,0.289408207947219,-4.42215510437228,9.77212626967589e-06,7.02865186294156e-05
"102723872",4.73952994796289,1.7390254321898,0.393399995037548,4.42050191694542,9.84719121047655e-06,7.08000583234263e-05
"5587",6.20640117020444,1.74371086242881,0.394469364609536,4.42039615460332,9.85201217307484e-06,7.08083584244218e-05
"7691",27.9833040423178,-1.05407059001711,0.238682708466133,-4.41620005400045,1.00451124049251e-05,7.2035354906763e-05
"105375114",15.8273826592167,1.3116742110878,0.297120812167716,4.41461572993882,1.01189572032146e-05,7.2484162280594e-05
"1770",5.66268697296358,2.37207499590581,0.538064531765469,4.40853253813754,1.04073386370323e-05,7.44394532438396e-05
"391475",8.78607648030016,1.8123711916357,0.411589011238463,4.40335174688536,1.06591133046043e-05,7.60993701066609e-05
"338391",16.9342582866999,1.22712828211708,0.278738290081943,4.40243886749946,1.07040756237241e-05,7.63075335715613e-05
"27233",6.9932153229293,2.54465888123603,0.578678882703156,4.39735915253945,1.09575945409819e-05,7.78561684236357e-05
"1056",6.90909549867692,2.26055169021806,0.515980387927543,4.38108064397111,1.18092149966453e-05,8.33551023447421e-05
"129080",13.7340775814311,1.55627211943178,0.355382974222204,4.37914090521037,1.19148077939993e-05,8.39470150009904e-05
"283212",19.2844084748941,1.00863382395608,0.230497438986326,4.37590035009422,1.20932256628587e-05,8.50799176688985e-05
"389337",16.1921755262167,1.31245567471068,0.299980724225399,4.37513336265077,1.21358259469108e-05,8.53174629365643e-05
"2235",755.120914129527,1.11657229801624,0.255525014768947,4.36971816252855,1.24406996659376e-05,8.71751785009388e-05
"1264",12.5494650090987,2.86719704707846,0.656170646239811,4.36959053793239,1.24479722922562e-05,8.71945015988583e-05
"374987",13.4709564602813,1.50148752196457,0.343912958125331,4.36589400454458,1.26603866068844e-05,8.85860094754173e-05
"728441",14.6040965308367,1.14585109255746,0.26293663494013,4.35789821687788,1.31317424172413e-05,9.15854855766575e-05
"101927688",7.27904208774194,1.54146411733892,0.353759954144219,4.35737312627111,1.31632756072415e-05,9.17722666162625e-05
"3485",62.8175509671757,2.01968354376503,0.46435697487326,4.34942006484618,1.36498026551887e-05,9.47878420988866e-05
"124220",27.5503621791495,-1.05622707957311,0.242953057407473,-4.34745333458239,1.37727361633546e-05,9.56071462209574e-05
"100132101",6.74743509892707,1.43656657092902,0.330979217647531,4.34035279054548,1.42254142474042e-05,9.84310999447763e-05
"105375728",4.62488598291042,1.40188420035299,0.323128651802161,4.33847073769028,1.43477583677814e-05,9.91676702129268e-05
"100507612",177.735827578648,-1.15841039965525,0.267093735331775,-4.33709311158614,1.44379472718586e-05,9.96161620986542e-05
"57289",472.449514873402,5.25347854818801,1.21127098536616,4.33716204850718,1.44334213648288e-05,9.96161620986542e-05
"10560",80.5834929044421,-1.25172418859929,0.288708067659702,-4.33560516249474,1.45359659105804e-05,0.000100256633451832
"100287036",61.8038689269376,1.73482311435955,0.400196524818818,4.33492798355748,1.45807848893892e-05,0.000100529852832519
"23584",84.1021298754571,1.19418004354389,0.275538128058554,4.33399200305998,1.46429496008623e-05,0.00010088739997157
"10964",1310.12202723732,2.46966772853466,0.570125009147385,4.33180037519845,1.47895004781044e-05,0.000101678473917106
"107985364",5.51793639752101,1.65577869046112,0.382320922091362,4.33086078942195,1.48527565668582e-05,0.00010200442205518
"84886",359.113997819479,1.07080773411111,0.247374096911101,4.32869790120316,1.49993513996535e-05,0.000102926848804768
"2827",11.9623285015319,1.16633943283714,0.269758803487943,4.3236380713309,1.53477008840473e-05,0.000105104538820114
"2273",366.332389175964,1.01338336913674,0.234416430335923,4.3230048665298,1.53918337105321e-05,0.00010533206683834
"105377139",15.6291014214191,-1.42103781303392,0.329001391579166,-4.31924560018763,1.56563470774844e-05,0.000107066350835828
"105369869",16.1431576515376,1.29487942736078,0.300046801614329,4.31559150237227,1.59176098711135e-05,0.000108392412493281
"28469",4.31934884532619,2.43939589433187,0.56545392251228,4.31404893876015,1.60291439182427e-05,0.000109036571803136
"2701",5.80158598367226,3.01797934429331,0.700485886566581,4.30840849497466,1.64433479743147e-05,0.000111696776672517
"107987228",15.8548977742718,1.96950520051121,0.457302459661448,4.3067889946826,1.65641478541259e-05,0.00011235926356125
"105370928",7.6182301142199,1.33717236447911,0.310620934217362,4.30483659399272,1.67109036304513e-05,0.00011319571059673
"9912",9.83216494215671,1.28683857161858,0.299385645260534,4.29826410180332,1.7214097791076e-05,0.000116156064479825
"1809",3.28123781589593,2.10994960226471,0.491324716561917,4.29440964629104,1.75158796696814e-05,0.000118109870174891
"55244",23.379959634173,-1.46463213359529,0.341098081082375,-4.29387385865001,1.75582257274669e-05,0.000118230284256918
"101928317",310.850480404905,1.27437588761839,0.297094197277259,4.28946744600703,1.79102062012581e-05,0.000120285844481098
"56163",13.928397468265,2.95039591008155,0.68786753526201,4.28919197205278,1.79324326372119e-05,0.000120372311119165
"101928932",5.4509515504134,3.32274253557583,0.774883580201227,4.28805387089627,1.80245384526725e-05,0.000120948535996529
"643036",22.3476430309145,1.64384603747028,0.383435260818284,4.2871540660141,1.80976779514553e-05,0.000121354984930036
"23657",13.6219110075211,1.46130816528956,0.341432244201982,4.27993603446864,1.86947035816124e-05,0.000124838214235166
"5865",3.42788440175089,2.84746906757055,0.665364369008031,4.27956349964419,1.87260207204405e-05,0.000125004117577998
"83872",7.77778937661149,2.05390111801857,0.480052575717385,4.27849202756438,1.88163728160385e-05,0.000125563853428934
"3580",766.382134740541,1.24639745502385,0.291608231998739,4.27421903174956,1.91808409873301e-05,0.000127687142760193
"102724479",24.0821017713173,1.22645127657659,0.287083174071835,4.27211131596903,1.93630868904632e-05,0.000128767194913438
"162282",4.20396303368235,2.3332993748958,0.54685387859602,4.26676936238664,1.98324002598587e-05,0.000131616259044121
"55567",8.5810577035802,1.50734090093266,0.353367118737213,4.26565127598535,1.99319904344716e-05,0.000132095607162154
"105379052",9.699364758402,1.63597449621208,0.3838019285818,4.26254892010894,2.02108234399266e-05,0.000133714087794403
"7832",9386.22105560129,-1.09351466365785,0.256803039734729,-4.2581842675516,2.06094040057897e-05,0.000136117924131263
"56975",125.845314208131,1.18974663324443,0.279470626984465,4.25714375096229,2.07055228974906e-05,0.000136659281680225
"6578",3.90134640252575,2.49672237997345,0.587103276507698,4.25261189960455,2.11291576842068e-05,0.000139169949930901
"105378668",31.1610571489113,-1.02253858830828,0.240584902005953,-4.25021927719712,2.13561340805964e-05,0.000140521179340538
"10913",137.676630129402,-1.19852320316853,0.28200170463319,-4.25005659000357,2.13716514036616e-05,0.000140575385527082
"80270",63.1385144963742,1.25841678439542,0.296108546109412,4.24984959377174,2.13914104989161e-05,0.000140657446222359
"3673",15.6617400221221,1.3982823773534,0.329038889449596,4.24959608784359,2.14156329290306e-05,0.000140768789355153
"777",5.51114594143314,2.00077509525122,0.471098285589808,4.24704388967641,2.16609539108675e-05,0.000141898352078247
"284837",221.897216315785,-1.01267240446569,0.238472551415095,-4.24649461104221,2.17141000494465e-05,0.000142198270652734
"718",91.225594876497,-1.23812003842416,0.29166559014468,-4.24499865688645,2.18594730399027e-05,0.000142956364153946
"1958",1523.37744120565,1.00893174988998,0.237989286292028,4.23939987219405,2.24118129627051e-05,0.000146125485197767
"5874",204.735514000171,1.15544166516922,0.272548628339477,4.23939636830621,2.24121627566169e-05,0.000146125485197767
"91828",6.57941038892743,2.89581462537871,0.683155659322299,4.23887965482333,2.24638033007907e-05,0.000146412746994556
"54821",20.952007957241,1.10379328609909,0.26079108088337,4.23248096660453,2.31127478431346e-05,0.000150221471270319
"8309",22.3522011457421,1.33166846673879,0.314953952038412,4.22813702803253,2.35634275146728e-05,0.000152857545234586
"220001",5.67807094437137,2.19349335326612,0.518900879204517,4.22719143707905,2.3662633882396e-05,0.000153398048182891
"170393",11.0050666549714,1.16261056873005,0.275217848064079,4.22432838897628,2.39654386810229e-05,0.000155204745743767
"2200",11.3870717513196,1.54295026557527,0.365288403959927,4.2239234775833,2.40085597773673e-05,0.000155431882809426
"651746",54.1259332789065,1.10593328426449,0.262009118121643,4.22097250734241,2.4325060586657e-05,0.000157217392921526
"5149",8.32422552297195,1.24775815875366,0.295752954553402,4.2189203507293,2.45474965976642e-05,0.000158495905815477
"820",11.9165722561477,1.26859804571094,0.300733784403871,4.21834230638774,2.46105000546872e-05,0.000158849591262072
"102724653",12.178096138349,1.45067262183983,0.34461464742783,4.20955009506272,2.55879705824493e-05,0.000164444222258989
"8638",1204.26693304217,1.37801426210684,0.327526754724969,4.20733342307865,2.58401746550541e-05,0.00016584428479176
"2254",19.8190770659574,-1.02033977318929,0.24258460668358,-4.20611920574245,2.59793238622261e-05,0.000166460750639453
"6970",5.036696377953,-2.2506249059003,0.535618814323514,-4.20191532805441,2.64666132886604e-05,0.000169302164899175
"3397",399.43978121825,1.15418373672041,0.275071948821301,4.1959339789686,2.71749404051786e-05,0.000173603191897059
"105369363",7.61937368439463,1.47123225360455,0.35091565275161,4.19255237567285,2.75833371600669e-05,0.000175863125531599
"710",593.187658005497,1.77333427081612,0.422986206018681,4.19241631425164,2.75998908305402e-05,0.000175910591326532
"340206",25.2519450909053,1.38101622031675,0.329675689101715,4.18901443439665,2.80168580859805e-05,0.000178156589844075
"346389",10.0391338545367,1.26049304667322,0.301090247565467,4.18642934092092,2.83377095136791e-05,0.000179867634040883
"3543",7.11883517542746,2.1152306106727,0.505262856893266,4.18639641092702,2.83418190962308e-05,0.000179867634040883
"105375938",16.6991143988101,1.04953606977493,0.250726767635033,4.18597535346796,2.83944159989822e-05,0.000180083074473676
"101928290",123.912082521363,1.31548900815458,0.314640469019503,4.18092755917241,2.90322353250487e-05,0.00018346548710646
"57522",74.5736456822969,1.48503240736394,0.355887835495047,4.17275405128199,3.00939745350549e-05,0.000189616586042734
"85442",53.5852046757924,-1.50199428124494,0.360432401641996,-4.16720104630554,3.08362519898583e-05,0.000193850813290411
"127731",4.01922083660179,1.95054412091971,0.468209719728746,4.16596247094089,3.10041707505396e-05,0.000194843002126398
"7762",19.1560384206848,1.88928692478456,0.453637592356818,4.1647494753885,3.11694634733031e-05,0.000195818047689144
"101929567",6.57127683775303,1.53502330323486,0.369011369873304,4.15982657597216,3.18489331145536e-05,0.000199437936546128
"79887",7608.08006451569,1.28528448239509,0.30922560795585,4.15646197897878,3.23213931511502e-05,0.000202134308463411
"153643",5.77661423450276,1.52909937649509,0.368152682264934,4.1534380982581,3.27516840561729e-05,0.000204560324221478
"101926892",3.48952941629334,3.80215451262736,0.915852404679324,4.1514926348407,3.30313896686929e-05,0.000206040761395929
"947",34.1442087988923,1.77955361259224,0.429021338497644,4.14793730033085,3.35484242426685e-05,0.000208829096164512
"221079",845.37834669381,-1.96726080965808,0.474272965688067,-4.14795055164911,3.35464829742976e-05,0.000208829096164512
"4257",409.142487888989,1.1628719846597,0.280397356130882,4.14722877813763,3.36523756044377e-05,0.000209238466733065
"7050",789.459938999496,-1.07212267226563,0.258528823452522,-4.14701408511427,3.36839348024025e-05,0.00020929991920978
"80201",60.0287281507254,-1.12469863748416,0.271212621223615,-4.14692587833825,3.36969090663985e-05,0.000209313190057989
"57379",6.00497693254601,1.57211542564783,0.379127340221639,4.14666856979707,3.37347834987526e-05,0.000209413738003186
"219731",6.45405232005172,1.2271243847207,0.296246280652277,4.14224402081543,3.43924130341808e-05,0.00021322191990886
"146754",10.9824957072068,1.91619129167388,0.46281833987742,4.14026655076244,3.46902488682486e-05,0.000214861477275054
"79444",7.07793496387244,-2.99184129157679,0.723090860254375,-4.13757309907678,3.50998643819689e-05,0.000217189548524378
"5087",45.6372859971504,1.27994855843931,0.309367135083353,4.13731264018865,3.51397171654514e-05,0.00021736650156925
"6383",28.3968626617439,1.58074282473831,0.3822272946815,4.13560948350247,3.54013780934934e-05,0.000218634926044626
"220108",8.13032175321469,1.85213803807642,0.447847172516274,4.13564749704681,3.53955178277656e-05,0.000218634926044626
"5255",13.7036646549886,1.57476153817761,0.380876887131249,4.13456839042835,3.55622343047383e-05,0.000219558142229254
"105372233",9.60152588562534,1.09410599317022,0.264635460098196,4.13438921890605,3.55899874736014e-05,0.000219589085651818
"102724808",28.1820234157509,1.2399339096955,0.300354758243118,4.12823128539171,3.65564317532463e-05,0.000224976994907168
"101928376",5.54175270335528,1.19375643123147,0.289223855419833,4.12744802636918,3.66811301097651e-05,0.000225600632063625
"4061",5345.46375031144,1.15348841530815,0.279560143081699,4.12608321984958,3.6899378947675e-05,0.000226870680113817
"11149",3.04701004759924,2.78966693976992,0.676847721467245,4.12155770240696,3.76319183921857e-05,0.000230933462977404
"4665",184.742155269455,1.22096642913951,0.296325962978928,4.12034914816538,3.78298687764618e-05,0.000231841443940673
"11117",70.8709658161975,1.10492388373631,0.268213630150109,4.11956649301502,3.79585875906497e-05,0.000232494844132771
"693158",3.76646672731776,1.7083015752159,0.414765467737695,4.11871698127063,3.80987724320086e-05,0.000233162954627447
"104266958",6.56832439122845,2.10522617173908,0.511371907943316,4.11682014408276,3.84135607764766e-05,0.000234834658346096
"116369",17.7751683484399,1.76886775141703,0.430022590526308,4.11342982993544,3.89823572014211e-05,0.000238010522375544
"102724601",7.07348803000645,1.26444915264948,0.307437657106733,4.11286361127355,3.90781278732351e-05,0.000238519850027787
"1232",16.6235169241689,1.14824862487803,0.279876418202574,4.10269872771822,4.08358842125361e-05,0.000248228705040131
"433",901.669782114509,1.13887659607884,0.278042311214171,4.09605498927675,4.20250148730845e-05,0.000254416014805332
"29094",156.400800723418,1.17017205173909,0.286114102754817,4.08987896951679,4.31598343945998e-05,0.000260551022766024
"3483",5.33040119809046,1.52289742190621,0.372472905183198,4.08861262313076,4.3396084392482e-05,0.000261650072365786
"107986250",7.16357742911992,1.15451691005664,0.282689265475665,4.08404934695347,4.42576258622276e-05,0.000266179779087929
"6696",7.35419780548803,3.08437778518454,0.755407463086404,4.08306501577645,4.44455817573459e-05,0.000267143814160555
"4753",1230.55119069578,-1.05433185946993,0.258318725512365,-4.08151541232137,4.47430100430776e-05,0.000268847856238928
"10468",8.53588411962171,2.72935416980853,0.668883556090406,4.08046235395811,4.49462085674641e-05,0.000269900864382732
"8170",8.95772078925501,1.12308311389588,0.27527147761102,4.07991094334476,4.50529577855209e-05,0.000270373747903661
"5139",24.8570292850724,1.56885899597404,0.385161090479055,4.07325411303289,4.63607935091065e-05,0.00027744643453606
"1823",64.558201958636,-1.65885569880707,0.40745351512183,-4.07127595478239,4.67563195896443e-05,0.000279553573967557
"28415",8.78969157082326,3.51846279184655,0.867488377886167,4.055919227898,4.99375157321328e-05,0.000296919120633913
"4915",6.39309108885452,1.5019234778253,0.370667152798853,4.05194651450634,5.0793278183947e-05,0.000301450457371968
"399668",11.1733330948359,-1.10947811557677,0.273961348605929,-4.0497614762901,5.12698633994444e-05,0.000303998649668428
"4645",14.750506823914,1.19916772405147,0.296357858958608,4.04635034233716,5.20223574695103e-05,0.000307516304698862
"192683",30.8627842253927,1.8633719290723,0.460640448027591,4.04517652987497,5.22837115617687e-05,0.000308683288804915
"8313",202.329376441507,-1.09190132645661,0.269940769602026,-4.04496633860236,5.2330642655668e-05,0.000308771576830511
"5602",9.90522330025941,1.30659774452639,0.323026292261604,4.04486500271699,5.23532829926704e-05,0.000308810812814432
"7079",2.71388371066899,4.15756579636737,1.02820648383169,4.0435125256883,5.26563417613281e-05,0.000310314089745123
"2901",4.33046065131084,1.74395295036571,0.43210360983551,4.03596015092209,5.43794461567735e-05,0.000319202390328149
"4784",50.3455490130919,1.01455283645626,0.251626319694674,4.03198217772817,5.53083823377064e-05,0.00032416251280904
"10810",21.7813043197348,1.54280856911466,0.383008796548681,4.02812829109153,5.62226635500871e-05,0.000328935128430477
"126129",8.27430442157491,1.66011997350702,0.41211890996345,4.02825479096374,5.61924272954561e-05,0.000328935128430477
"120114",4.87006922807153,2.10493078566916,0.523172413272161,4.02339789382998,5.73644602254405e-05,0.000334790708937355
"57482",6.1683297315163,1.79222219946993,0.446056277964463,4.0179284274365,5.87120232097388e-05,0.00034193202419375
"101928363",8.37533669039337,1.22399418439186,0.304858833770564,4.01495396821282,5.94573979393291e-05,0.000345960008738874
"2012",262.815230975091,1.68995187774716,0.421379928058095,4.01051821698105,6.05856254442341e-05,0.000351782801737538
"9034",293.84169646875,-1.64928154868659,0.411531129285877,-4.00767142827946,6.13203496762286e-05,0.000355728024315808
"2843",19.5377829275819,-1.41193478786364,0.35253725762451,-4.00506544294818,6.20003139737418e-05,0.00035895965884662
"55753",2.12913520161118,3.02096979610383,0.754274318050415,4.00513410546998,6.19823070678537e-05,0.00035895965884662
"94",24.0926132928765,1.34924845910562,0.336887810293176,4.0050379321574,6.20075301321626e-05,0.00035895965884662
"105378531",8.11758932793278,1.23310936749404,0.307941505606058,4.00436233844852,6.21849900020926e-05,0.000359663530074996
"9576",6.74403835248787,1.80427882362296,0.45112996088495,3.99946574172027,6.34856363783837e-05,0.000366375623821322
"645784",60.8593090698633,1.11019371441071,0.277662356762991,3.99835875252747,6.3783225658662e-05,0.000367255559232649
"107986954",2.95688762337808,5.02254297188558,1.25680757172851,3.99627045927004,6.43482150795473e-05,0.000370289847919016
"10561",762.466637348495,1.27404621383619,0.318948514660383,3.99451997822531,6.48254554434869e-05,0.000372592022477565
"56977",4.56835893933964,1.99497497534196,0.499439240545623,3.99442977921099,6.48501372810627e-05,0.000372622984579554
"731424",58.0715962045284,-1.38543419803618,0.347255587022187,-3.98966712074142,6.61660870253118e-05,0.000379619570003809
"101928834",15.9982403772752,1.68892020850493,0.423516668235235,3.98784826000484,6.66752853825516e-05,0.000382313869153158
"356",169.144920439047,-1.11166602139161,0.278970395852224,-3.9848888553052,6.75117177236016e-05,0.000386192622238802
"3118",294.273981917534,-1.3849002715303,0.347686197830619,-3.98319024502945,6.79962799496106e-05,0.000388504188871858
"3750",18.3568418890247,1.05483773495321,0.264849322562622,3.98278434223218,6.81125579469862e-05,0.000389053451367109
"107985021",8.16504205213878,1.23088256839801,0.309378267692738,3.9785682995047,6.93314958173584e-05,0.000395314392449018
"83698",5.86558497808976,1.89813182266839,0.477146909857754,3.97808679769981,6.94720128917463e-05,0.000395998675609624
"101927084",9.47013493770212,1.02925098956126,0.258881936286908,3.97575437021063,7.01565093457308e-05,0.000399311084139332
"5734",4853.72334666267,-1.13287556991723,0.28531848255462,-3.97056496226232,7.17024016175299e-05,0.000407507987353119
"105371028",4.20126923541872,2.13001569265396,0.536460904381466,3.97049566008887,7.17232626870988e-05,0.000407507987353119
"22987",5.51255717147489,1.57311381765673,0.396625082245545,3.96624895417691,7.30126010983903e-05,0.000413981019498565
"144453",5.23984361925249,2.37976449151973,0.600528892193164,3.96278101263156,7.40817286866804e-05,0.000419796462557855
"138311",125.37556112976,1.31422353928867,0.331765136737979,3.961306942045,7.45406377068189e-05,0.000422273040596681
"8900",6.54647203206057,2.18176834528076,0.550803647718126,3.96106371902113,7.4616616036761e-05,0.000422579498211709
"28517",99.7802461616102,-2.44823257805295,0.61833372323354,-3.95940328994197,7.51372630203834e-05,0.000425154064884162
"25973",50.0588318072688,-1.0117493564629,0.255900540520614,-3.95368198286942,7.69576814564748e-05,0.000434589490768727
"3581",39.4114656136278,-1.00345436045778,0.253987217093544,-3.95080654822172,7.78882639427589e-05,0.00043943270618246
"80177",15.9707513378605,1.47922879589944,0.374496078340471,3.94991798700387,7.81779758278874e-05,0.00044080965523742
"8497",57.0139319320044,-1.45985050108432,0.369649543794247,-3.94928257208101,7.8385774813102e-05,0.000441723397487781
"84620",4.94771649055026,2.2652322340894,0.574316679988944,3.94422156454346,8.00596126914262e-05,0.000449843247104109
"28811",3.25897293342391,4.9825948300245,1.26359913408977,3.94317683164108,8.04093210135111e-05,0.00045167679098689
"92154",8.01960878514204,1.04701011382301,0.265654180033512,3.9412521711156,8.10573552078682e-05,0.000455052222027428
"107985909",24.2665825185519,-1.28858891344256,0.327116683483409,-3.93923324154732,8.17424332995e-05,0.000458764856692805
"3217",8.0921897601129,1.3396783775901,0.34016440525678,3.93832616489906,8.20520077464624e-05,0.000460234787568888
"7301",8.01462553951244,1.43641054552366,0.365156191478154,3.93368804650159,8.3652337516558e-05,0.000467852285583483
"64866",57.8153244415474,1.04482243141253,0.265710078911991,3.93218968467734,8.41756029690508e-05,0.00047023408867177
"105375112",26.1823005351961,1.32162648383338,0.336428273967066,3.92840491154069,8.55111488008582e-05,0.000477418706459142
"57139",7.57695697128301,1.67824511698711,0.427592433435923,3.92487094194244,8.677624794846e-05,0.000483581544434757
"114880",11.9451968506421,1.12427278095834,0.286581357151171,3.92304925949976,8.74352655563097e-05,0.000486868571717473
"94025",14.0736735591239,1.86282902351112,0.475721273516534,3.91579928671485,9.01051889448987e-05,0.00050003201405284
"335",5.1681998470707,1.20772253056217,0.308672376869481,3.91263560027868,9.12942437887347e-05,0.00050575858750661
"387590",153.129628018715,1.41660718509638,0.362439355952391,3.90853576420784,9.2857202660506e-05,0.000513386286223788
"352909",6.20556942944513,2.46704756186254,0.631341608723731,3.90762707189491,9.32070233752293e-05,0.000514730922339842
"79953",2.67164949964027,2.67027221840063,0.684201951918262,3.90275445855441,9.51041699997524e-05,0.000524158599039731
"100133669",18.376442071279,1.24011304652613,0.317796586085266,3.9022226821323,9.53134093294523e-05,0.000524885303900682
"105379042",4.27373125066135,2.05303122974078,0.526411667680672,3.90004887009111,9.61732732634634e-05,0.000529446480405931
"8366",6.34803137779101,1.69658113172119,0.435145307330682,3.89888412707137,9.66370025743612e-05,0.000531696237525944
"9771",14.1084808750975,1.151112343236,0.295407833411274,3.8966886217719,9.75168644805109e-05,0.000536058048388121
"107986294",9.54489314306583,1.24307095018665,0.319168888059221,3.89471216240851,9.83154066554471e-05,0.000539547352466608
"56963",15.2797308516148,1.44147815345057,0.370448537171606,3.89116978152036,9.97620930411831e-05,0.00054639975632766
"167681",4.47363916207791,-2.50944482911883,0.64532994807685,-3.88862292319957,0.000100814606946386,0.00055169500973324
"56917",5.9910393359867,2.07342446994792,0.533327941448388,3.88771018506363,0.000101194349625218,0.000553459439241632
"148534",18.590680495974,1.83661010282343,0.472830899900548,3.8842852766385,0.000102631347847875,0.000560208193792582
"6570",5.89874390901019,-1.64842914944196,0.424506660659708,-3.88316439341661,0.000103105807988189,0.000562162440391843
"105372935",17.266572844109,1.74940354212523,0.450614378643886,3.88226302806853,0.000103488849048388,0.000564091632182463
"23166",1739.67040029229,1.05754613956478,0.272426130772053,3.88195558395117,0.000103619806305505,0.000564486798130299
"27023",4.13395475850077,1.55867728360507,0.401516654237155,3.8819741775504,0.000103611881833823,0.000564486798130299
"101928718",15.603022948565,1.2511960673373,0.32239188838138,3.88097874800489,0.000104036932803146,0.000566599336236423
"7852",8308.32227553981,-1.15161937247351,0.297005599782328,-3.87743319761485,0.000105564299593966,0.000573623453505534
"154664",8.85339196022978,1.50657575126088,0.389390616807017,3.86906023471937,0.00010925565081982,0.00059151811848398
"8613",18.0562581162469,1.15784310954492,0.299299605565653,3.86850863821449,0.00010950305773353,0.000592237767810734
"101928841",4.20500148974109,1.75629734103616,0.454544183103154,3.86386495817852,0.000111606938117877,0.000602222181875509
"107984805",5.21446926618494,2.84745770587349,0.737055388525514,3.86328863502356,0.000111870692902072,0.000603308243877358
"117248",4.4182326842022,1.72023666665336,0.445939053654025,3.85756002430767,0.00011452456031576,0.000615215106764384
"107984751",6.32205346669062,1.95430007760891,0.507133997306154,3.85361677187876,0.000116385716379322,0.000622960353303065
"283463",8.252926047915,2.21625699596805,0.575702226931558,3.84965854271661,0.000118282601973869,0.00063276277266464
"3553",2792.76048097134,-1.8228432411646,0.473923425945754,-3.84628220798954,0.000119923630508332,0.000640710463807496
"8777",3.21803979575506,2.26227691700189,0.588175657234865,3.84626070320101,0.000119934151132151,0.000640710463807496
"105376621",7.2384931314999,1.48323387904607,0.386078231998052,3.84179618563305,0.000122137237315459,0.000651039008290407
"2904",4.78135045091424,1.98062775326618,0.515602223708253,3.8413871434094,0.000122340982303002,0.000651945102162136
"199675",1154.19418263334,1.3153343217715,0.343286933931292,3.83158865590486,0.000127318479238707,0.000675301969529772
"254295",24.4432412766083,1.26813474904327,0.331005069798893,3.83116412631909,0.000127538390301099,0.000676282645111156
"104326052",28.2146065575737,1.63944388814198,0.428073785983762,3.82981612474669,0.000128239045656156,0.000679065656625084
"79986",35.8912741668932,-1.42699031321988,0.373569557778301,-3.81987847646501,0.000133517440125332,0.000702968594247658
"3855",11.9103904141444,1.43791105641127,0.376726800712446,3.81685362892145,0.000135164299621669,0.000710144059027023
"100885848",8.97495544972844,1.17591680471784,0.308106828737387,3.81658793327207,0.000135309866654064,0.000710661992065076
"387856",26.6728648885715,-1.57123634445726,0.41190938617501,-3.81451939963729,0.000136448218446425,0.000716056520281894
"23057",3.88004172934641,2.10583454614518,0.552323930333439,3.81268025970535,0.000137467901695256,0.000720820015622801
"90485",25.3524070845403,-1.52478929537049,0.400072255196387,-3.81128477560134,0.000138246391837611,0.000724115627656073
"56265",32.7893826872341,1.34916380204719,0.354060067382418,3.8105505995681,0.000138657627421236,0.000725286051126463
"105374724",139.23206936825,-1.03309873766514,0.272074182743439,-3.79712153225258,0.000146386030741015,0.00076097093557752
"7424",6.89301965287687,2.08200300848834,0.548345523757088,3.79688156150727,0.000146527753196533,0.000761297812679971
"7561",285.052105104159,-1.2200621208225,0.321849224648306,-3.79078782046376,0.000150170201270384,0.000777920313018687
"4248",11.7781238289561,1.12983498442274,0.298083085170013,3.79033578432783,0.00015044376832789,0.000778919585508906
"83481",254.549887250162,-1.02568911440638,0.270633560396604,-3.78995536585808,0.000150674356692547,0.000779904362489
"162494",9.45858099586747,1.81822199206106,0.480081410827078,3.78732013165986,0.00015228084697786,0.000786954165597121
"4585",4.06869289758729,1.87066649064403,0.494163545340795,3.78552102493506,0.000153386864344172,0.000791399178256654
"2646",2.35187654122086,3.36205342738749,0.88846167756542,3.78412880632089,0.000154247928539315,0.000794992259394515
"28432",4.40095842850086,2.17931775518232,0.576191977760808,3.78227715639424,0.000155400194636746,0.000800061659439408
"219670",66.8945474312194,1.15963490748568,0.306728045608142,3.78066148201904,0.000156412229182226,0.000803558595565404
"28461",708.4946618745,1.89596933722782,0.501489339302392,3.78067725201347,0.000156402321181914,0.000803558595565404
"4854",22.4306931476497,1.82065515705542,0.481914718544828,3.7779613010223,0.000158117441229998,0.000811039581682264
"9863",11.0063788139306,1.24799286574515,0.330579316793155,3.77516923276246,0.000159899070488885,0.000819144199564109
"105376548",27.2316547685137,-1.14106016078886,0.302477663815004,-3.77237825232193,0.000161698873175866,0.000827651375237825
"389119",70.2829864687682,1.16383616543721,0.308708070595785,3.77002183062818,0.000163233268451132,0.000834399386005364
"6506",9.11981473689042,1.21161432066507,0.321466117674957,3.7690265133639,0.00016388548052444,0.000837068606159214
"83416",483.461129739627,1.15099775997124,0.305400624097242,3.76881273040474,0.000164025887852475,0.000837538362532453
"157695",45.4302027081124,1.20132212494859,0.318758397027108,3.76875444271489,0.000164064189387959,0.000837538362532453
"158326",8.67667297464973,2.00686599028943,0.532706233549873,3.76730337265998,0.000165020421512634,0.000841307914533258
"105379549",6.4897162061725,1.18713772144128,0.315256443297973,3.76562556191509,0.000166132608123075,0.000846084632930597
"220107",29.9435385972677,-1.02353731264425,0.271845468884578,-3.76514391372413,0.000166453183327201,0.000847493771794071
"10082",3.27554042820003,2.44711549840575,0.650183573154983,3.76373012091223,0.000167397539412549,0.000852077301300774
"105374771",8.79969498800972,1.28096271875547,0.340465670186537,3.76238437800099,0.000168301121063687,0.000855774420743004
"728989",20.6005920937101,-1.71574998072591,0.456061760939682,-3.76210006554975,0.000168492605113974,0.000856297155252913
"85376",28.3311708076828,-1.04927689915938,0.279058921374385,-3.76005502347539,0.000169875988783755,0.000861740240449666
"6457",2.23636757840366,2.7818694368964,0.740107927945755,3.75873481671486,0.000170774719486473,0.000865844416572004
"56344",42.1820951712429,1.13981224118256,0.304476610969097,3.74351329501051,0.000181464996034491,0.000914035006466013
"51299",5.99360501687646,1.79295188423573,0.479328349411322,3.74055047325639,0.000183617667215779,0.000923925062342659
"6351",1988.35014453417,-1.49289648261513,0.399430404891349,-3.73756345118798,0.000185812206642196,0.00093326536662525
"10439",139.274428059246,-1.94969973778734,0.521722415691786,-3.73704421958198,0.00018619618804875,0.00093495080176741
"8714",810.074023652844,1.0290722102894,0.275520631425184,3.73500962510982,0.000187708007865065,0.000942052247372696
"390213",15.9428210648148,-1.0515462723944,0.281622609226396,-3.73388441816853,0.000188549048163508,0.000945781615099655
"221687",4.48998130682721,3.52218791974219,0.944807318529141,3.72794309555674,0.000193048951737501,0.000966095194598243
"10089",8.40040198336244,1.00855537146165,0.270632273260109,3.72666334030427,0.000194031347551683,0.000969755016541953
"105377329",4.05436496600334,1.81637076132121,0.488545213767113,3.71791742122575,0.000200871905221499,0.00100057731071385
"7078",17.3173476720591,1.50602408967743,0.405493083537689,3.71405617215034,0.000203963489504455,0.00101492989160269
"257000",4.27942685283681,1.57701085637997,0.42494673945687,3.71107884812946,0.000206377802581921,0.0010258862608654
"643418",319.299330625618,-1.06035425000276,0.285889171706127,-3.70896961110766,0.000208104400034336,0.00103313937621159
"107987401",5.88314077337004,1.17823539248456,0.317684460921808,3.70882286488214,0.000208225028226582,0.00103347256363705
"342035",4.18604327267998,1.64345085475868,0.443297538641467,3.70733133280011,0.000209454827615146,0.0010383858992022
"8857",147.452643530625,-1.02166804297796,0.275590429160995,-3.70719711162799,0.000209565829691469,0.0010383858992022
"127254",6.29159802909489,1.94318978782486,0.524191407420219,3.7070233512376,0.000209709613104603,0.00103843898673746
"101927698",3.6125091093654,-1.62068954600688,0.437190845820195,-3.70705279285154,0.000209685244212465,0.00103843898673746
"442245",6.03555128673773,1.34777018819824,0.36371666054209,3.70554977104843,0.000210932702543339,0.00104369263426005
"84072",14.2251910311764,1.06108545018166,0.286550213765269,3.70296513214561,0.000213094179236307,0.00105223083339595
"101926887",10.7939350202331,1.35458069591745,0.365934648167812,3.70170111712477,0.000214158804283311,0.00105613759660861
"9828",22.2079774615001,1.05624568864139,0.285531945205287,3.69922072250789,0.000216262465657197,0.00106542365733974
"9023",15.5788781373489,1.68539533197934,0.45581801081563,3.69751807078341,0.000217717725156017,0.00107177280352103
"64073",10.9736546923433,1.20255431554339,0.325313179919453,3.69660496338065,0.000218501942296387,0.00107508522538289
"79825",9.60732061366344,1.132933015458,0.306639736756917,3.6946712368075,0.000220171476091979,0.0010824723895846
"107986455",25.2603922578949,-1.3166062805047,0.356480250151347,-3.69334985583556,0.000221319205162499,0.00108700826299547
"65268",5.35609687586448,1.68836768315296,0.457357615541624,3.691570066355,0.000222873979476938,0.00109325432858995
"112268426",1011.41896346811,-1.10378979090815,0.299626359729424,-3.68388746539163,0.000229703683533962,0.00112276323371498
"105376388",3.37210426455643,1.83105183623511,0.497299695694504,3.68198865209027,0.000231421713995749,0.00112944557510384
"23007",13.4054112343546,1.47387981035589,0.40059757747549,3.67920300378269,0.000233963979947953,0.00114041200927685
"100506621",4.88833305258435,1.28499309878064,0.349298173897634,3.67878561872246,0.00023434714799104,0.00114199145142643
"27152",6.49161345058716,1.32971122972896,0.361580527367778,3.67749679278625,0.000235534036406527,0.00114671927376969
"100506514",6.56002259074269,1.07194768637896,0.291653223651245,3.67541861173043,0.00023745973456007,0.00115424676411379
"83886",7.87039004593872,1.19437848511307,0.325517088119454,3.66917292119169,0.00024333644898228,0.0011786590174933
"105370652",52.1513298997691,-1.19413401498115,0.325680031521382,-3.66658652482584,0.000245809770789917,0.00118974393320673
"5737",6.85490580101941,1.73177740571794,0.472554523373566,3.66471448279616,0.000247614659194086,0.0011975793384313
"105377402",5.27430252902868,1.60265886285194,0.437366865875096,3.66433533927015,0.0002479817126225,0.00119905428997639
"101927612",75.619188345428,-1.09019614914771,0.297533880028604,-3.66410759353826,0.000248202441306124,0.0011995209075335
"22824",4.98655967461826,1.6601754924978,0.453116921656239,3.66390088992816,0.000248402935710641,0.00120018951574778
"105374031",5.12021246622491,1.52276716005262,0.415659565222902,3.66349601322423,0.000248796090509742,0.00120118752498103
"27293",13.066340013818,1.03782154962567,0.283582192131782,3.65968519329095,0.000252525287523084,0.00121706222926025
"166647",65.0921842238667,-1.06751244835998,0.29218672707971,-3.6535282044785,0.000258661360884151,0.0012426239569082
"140766",11.2679563390876,1.02021890819784,0.279308074968677,3.6526652812034,0.000259532439459296,0.00124616868991495
"132332",9.29238040230469,1.53576585986215,0.420686127551607,3.65062159002081,0.000261606428360817,0.00125425604381929
"94240",1022.5905735774,1.13389120635317,0.310704613938172,3.64941862942146,0.000262834477633345,0.00125951846949259
"105376875",44.0864819993322,1.00795579409313,0.276308305421273,3.64793882165919,0.000264352561639815,0.00126553710222809
"387849",2.36010959817437,-3.88207942319865,1.06452970776602,-3.64675536518886,0.00026557254058823,0.00127074749847371
"257062",2.91166285756524,1.8727058663581,0.513573776704273,3.64642034173884,0.000265918860527146,0.00127208943138475
"84229",9.35766529203495,1.17223541314479,0.321820893481531,3.64250872733365,0.000269993821074167,0.00128871000311031
"4599",4835.51474551064,1.61366077104288,0.443811511531107,3.63591463744576,0.00027699605374181,0.00131757334725661
"2740",3.89731726305273,1.97530540610716,0.543594243096786,3.63378647068464,0.000279292029429271,0.00132718692724854
"6614",1474.94717555472,2.14979192884322,0.592385295665833,3.62904336851726,0.000284473451649316,0.00134782907219126
"55964",4.65436060400304,1.35748205295678,0.374071213226867,3.62894017223798,0.000284587179247096,0.00134803718558252
"643",350.942407027838,-1.01279746534639,0.279323456617321,-3.62589478739675,0.000287962590319057,0.00136168793933439
"54796",58.9087930039692,-1.02415707579107,0.283368895785202,-3.61421839525886,0.000301255049087691,0.0014176017319643
"387597",8.30864002359526,1.20580591344991,0.334735561716369,3.60226414924991,0.00031545757006905,0.00147902806340702
"107984494",7.09519953367586,1.41352749500609,0.392637673952727,3.60008116586458,0.000318117863727508,0.00148897047607989
"7137",3.91098211463316,3.4052960602557,0.94635708481224,3.59832045948208,0.000320278833971152,0.00149799584442986
"55713",6.8972065640997,1.08518417219006,0.30175819410042,3.59620448891251,0.000322894009201874,0.00150840084801804
"2354",6376.70275751304,-1.35913036287496,0.37814156182216,-3.59423692102419,0.000325343690899698,0.00151690906775832
"28711",7.49099747038684,-1.03766013246333,0.288739132782725,-3.59376341704318,0.000325935808787804,0.00151893637531614
"260334",5.82662340819585,2.12231740908564,0.590875794578894,3.59181646728002,0.000328381089548203,0.00152922488578608
"10107",14.0558998706875,1.87011623469836,0.520703441920533,3.59151886494303,0.000328756373826446,0.00153023453635486
"645843",12.9527447540864,-1.01981281518272,0.284153275703317,-3.58895322483453,0.000332008398441335,0.00154425486288513
"105369699",8.63120820591464,1.11985458186367,0.31212871305625,3.58779738941176,0.000333483267640492,0.00154850417520394
"64410",71.7189796002533,-1.05740488623278,0.294780754755128,-3.58708928305431,0.000334389851589537,0.00155196751115048
"4500",7.95893127402126,1.89221766297196,0.527548145537804,3.58681511626386,0.00033474148443115,0.00155322622473195
"7476",82.2431585273709,-1.08603371266303,0.302794512283073,-3.58670209864217,0.000334886535956896,0.00155352601066528
"112268022",5.96988429441493,1.7509513740213,0.48915953244981,3.57950986920806,0.00034423924832791,0.00158889779247338
"9297",11.8904468076833,-1.19498425020947,0.334153754002784,-3.57615090626669,0.0003486904166689,0.00160752192091425
"105374636",8.03694709715377,1.82757976665664,0.511286147914478,3.57447541677255,0.00035093078113563,0.0016143819069298
"9636",2292.19658954586,1.2274954772729,0.343920090579949,3.56912989643319,0.000358168815744872,0.00164337281294012
"112268447",5.71045464190404,1.24717359723612,0.349764710812173,3.5657502277463,0.000362816796560353,0.00166193500359904
"881",12.4084835154466,1.18342773552845,0.33209308368092,3.56354225270618,0.000365883768449212,0.00167479197352244
"85477",15.7415153122498,1.24152979789907,0.349668218768778,3.5505937664871,0.00038436319074243,0.00174942774914396
"152110",7.02267970534292,1.10063300049842,0.310068711801618,3.549642252207,0.000385754986519879,0.0017549352884975
"2180",3131.96387118985,1.08063240427555,0.304431140446414,3.54967761409337,0.000385703177944137,0.0017549352884975
"2078",13.7241592797665,1.45278375483631,0.409755810348635,3.54548664874385,0.000391888839840098,0.00177990528574599
"107986348",11.5064908071011,1.19159416139669,0.336358219981539,3.54263428276584,0.000396151674578099,0.0017979979176151
"51513",117.884275829111,1.46721871609365,0.414718517226156,3.53786642059568,0.00040337406944097,0.00182734225405677
"107985930",4.21572938082025,-1.61026149117524,0.455292900341053,-3.53675950134302,0.00040506834242483,0.0018337271047605
"129607",1185.34205968052,1.50609912474249,0.426149379415668,3.53420466505814,0.000409004237884371,0.00184807904586406
"23349",5.43236177599138,1.38187921858011,0.391450808954675,3.53014781670846,0.000415327553551471,0.00187281025975664
"29122",8.52192276643602,2.84828747438622,0.807710984607486,3.52636961569907,0.00042129855060699,0.00189653091126392
"643224",9.3248419574394,1.54118682264684,0.43719677734535,3.52515595381306,0.000423233546419149,0.00190346675557676
"10079",111.843102847493,1.07385914385799,0.304685017506093,3.5244894962271,0.000424299636406409,0.00190781713114798
"5332",6.36945536683718,1.23792786216046,0.351293889360464,3.5239094662709,0.000425229513895618,0.00191110830168773
"100128385",44.9922606129985,1.07120122500425,0.304138499214514,3.52208361575662,0.000428169071546514,0.00192297700225728
"8829",73.5989120583422,-1.02942938526208,0.292315145205656,-3.52164231701999,0.000428882389098203,0.00192573278267019
"140453",4.74155551006661,2.18756079224165,0.621594214283962,3.51927470039531,0.000432728399444464,0.00193939448829694
"100996437",14.4069579747195,1.20885023132729,0.343520388334729,3.51900577775715,0.000433167274033133,0.00194091099678141
"383",12.787452862578,1.30021475260074,0.370042810030333,3.51368738253329,0.000441932587599395,0.00197560234530544
"4613",4.3700423888788,1.88936398139485,0.538120989243346,3.51103937434497,0.000446358279897406,0.00199308002344016
"30812",25.088348689289,-1.11891765218085,0.31920532249546,-3.50532266640624,0.00045605420196873,0.00203214553493773
"107984583",15.0775564095919,1.01157589878972,0.288667041954892,3.50429994341991,0.000457809400443002,0.00203808555586797
"348093",54.1108173555344,1.84766667008417,0.527255781059123,3.50430803503506,0.000457795488898138,0.00203808555586797
"3959",1748.46440357319,1.0750179684053,0.306904849508713,3.50277283049183,0.000460441970013603,0.00204886067394071
"401561",15.089924324888,-1.0261411627881,0.293039453871418,-3.50171674575381,0.00046227079485664,0.00205510441764996
"6769",9.38622570236649,1.29572726707352,0.370452166794402,3.49769115480066,0.000469304259154236,0.0020820592356505
"2786",3.22571966832489,1.67889124151381,0.480028750055527,3.49748060156731,0.000469674868662767,0.00208322486532278
"101928474",4.38322083081731,1.61621519661923,0.462125188912476,3.49735360762888,0.000469898531580849,0.00208373833338447
"9848",232.03479958945,1.07030661510683,0.306072992253103,3.49689989707342,0.000470698422776786,0.00208680623063942
"28717",5.84841360209701,-1.09717849235156,0.314004565270324,-3.49414821853627,0.000475576905962642,0.00210553443556867
"107985376",10.2777026408856,1.28146880892997,0.366837005018453,3.49329209267071,0.000477104335270402,0.00211084511403024
"105376279",5.60923233720494,1.2512725231616,0.358192854463923,3.49329281019377,0.000477103053211045,0.00211084511403024
"152273",4.62192825389825,1.68599803490066,0.483143846681695,3.48963987946932,0.000483671854168556,0.00213794251492404
"102724290",6.59928643448172,1.27138577863811,0.364452374377678,3.48848263318099,0.000485770376862797,0.00214476395015417
"56929",495.91232627555,-1.11213733890661,0.31912679372298,-3.4849387791362,0.000492249653270486,0.00217088954189532
"4038",3.71946031419716,2.1551743479127,0.619272854772493,3.48016925221834,0.000501097112803786,0.00220487296479077
"102724153",119.821956661325,1.03696122462302,0.298827188135237,3.47010334332007,0.00052025814995702,0.00228035074715614
"112267992",3.86075117211803,1.91186185837938,0.551863560569666,3.46437415872475,0.000531466734233229,0.00232367796502425
"105376244",11.3215982879009,1.10966706819882,0.320441433260471,3.46293254560756,0.000534322329478214,0.00233429721253189
"10769",531.11325596988,-1.36333168306212,0.39384922074905,-3.46155739617624,0.000537059588534639,0.00234369663277992
"96597",35.2769444242798,1.08224821164645,0.312956154821274,3.45814643672535,0.000543905661638236,0.00236841175593182
"22986",18.3745601537716,-1.23520141000363,0.357773167583744,-3.45247078853252,0.000555477617587967,0.00241390273421666
"105373117",44.5036458144412,-1.00041832983739,0.289827877822709,-3.45176708794507,0.000556928249487828,0.00241960013728006
"7850",190.342816077311,1.73927095806237,0.504459897899544,3.4477883481012,0.000565196749468072,0.0024506240740295
"144501",15.9205702310418,1.56392183401404,0.453972772461294,3.44496835247401,0.00057112625602497,0.0024726089317307
"105379321",6.31894284896847,1.35011526956559,0.392017542843233,3.44401747884404,0.000573138648914197,0.00247838190502261
"105376517",6.40638871307041,1.38712450303392,0.402910621397196,3.44275983150734,0.000575810428358701,0.00248937788056038
"107986167",8.72056746531747,1.20772891449795,0.350936576699998,3.4414449638015,0.000578616165518365,0.00249871095449255
"8361",5.21715844717848,1.19107875022173,0.346126495186117,3.44116606728204,0.000579212924282079,0.00250016986896189
"85413",105.205369244237,1.41412552390784,0.411140216729999,3.43952127854356,0.000582743972609372,0.00251260361666269
"79442",6.51374209621825,1.26873372774367,0.368997079846577,3.4383299951078,0.00058531393442764,0.00252255806776759
"152831",6.52800983390171,1.13489632383363,0.330265416106999,3.43631597038288,0.000589682812233464,0.00253855427326185
"28827",7.93473245929264,2.49409057692305,0.726240657469155,3.43424807090063,0.000594200127814284,0.00255458434290949
"56666",6.3548217576884,1.01615926292105,0.296855408272371,3.42307815388932,0.000619162726564526,0.00264830328267365
"4308",2.69330114134021,2.1931268633251,0.640906055652468,3.42191627615752,0.000621814578836054,0.00265822115257498
"105372767",6.65150342845215,1.240082775229,0.36266992958701,3.41931512392313,0.0006277897669048,0.0026795418469936
"9365",12.8380313972189,-1.39231242617193,0.407262340664565,-3.41871144751556,0.000629184106913143,0.00268466713935188
"1003",10.4260992816517,1.4083249023577,0.412160277953983,3.41693505582054,0.000633303853321887,0.00269985960603803
"10894",7.07707043633032,1.80045589535769,0.52738233597794,3.41394804590686,0.00064028784240721,0.00272411221732585
"57509",45.7711995875151,-1.0181769768089,0.298250144507307,-3.41383565292439,0.000640552023983111,0.00272414461289624
"107987285",5.17769372794446,1.50142464891965,0.439860761799934,3.41340892235019,0.00064155598481371,0.0027272131144007
"653486",7.93304860112874,1.47430674653336,0.431941149150523,3.41321207630438,0.000642019593844501,0.00272798292548405
"1393",15.3643759320132,1.5148141582441,0.444310869156488,3.40935651905149,0.000651163208508327,0.00276440182077661
"284434",4.40690354227744,1.59120402657865,0.466731909313576,3.4092462821298,0.00065142641208665,0.00276491140004778
"102723694",16.583521458661,-1.8632579105711,0.546552955898505,-3.40910773688526,0.000651757345418728,0.00276510058320002
"54979",24.6508922188434,1.41293079486982,0.414452963056044,3.40914632254363,0.000651665162851471,0.00276510058320002
"340895",6.12229686637531,1.55356865843722,0.455733650659129,3.40893997226294,0.000652158282318452,0.00276619388274411
"201299",6.01223079414967,1.073265403123,0.315179499321843,3.40525131054619,0.00066103190648176,0.00279891431220692
"154215",2.95069266667964,2.58053370687404,0.757840663389106,3.40511380760931,0.000661364850739025,0.00279971021426393
"105376627",3.79924838520661,-1.46201989964141,0.430189142980684,-3.39855136629299,0.00067743740492299,0.00285897534175542
"90332",9.5453888925421,1.50263358814917,0.442273782963436,3.39751901657122,0.000679998616198036,0.00286727800786386
"112268431",8.40066805695793,1.82159945637489,0.536347669609076,3.39630347923872,0.000683025845532391,0.00287878549299902
"105379507",6.76488073950328,1.10299083255069,0.324924685959398,3.39460459673575,0.000687277813020656,0.00289417992260247
"10842",52.4930082909149,-2.01803236718102,0.594690888341257,-3.39341396806973,0.000690272370601959,0.00290615653391433
"105377632",7.59744004303024,1.00882398909567,0.297307165330347,3.39320442537849,0.000690800646028407,0.00290723343012316
"286333",52.2107842236397,1.0885346455111,0.321181286524205,3.38915961540325,0.000701071887583938,0.00294584427611423
"100847081",7.47744307286959,1.02467542580478,0.3023770466188,3.38873415579246,0.000702160493880937,0.00294785292561492
"358",3.09001543884056,2.4425659677833,0.720866594770635,3.38837447247847,0.000703082026131007,0.00295108021922234
"8294",6.88628124281216,1.09866356807783,0.324273683838082,3.38807502068659,0.000703850098486345,0.00295302044361684
"7044",5.41275888741966,1.29421719983706,0.382257840634228,3.38571786438635,0.00070992331597828,0.00297591471199751
"4128",10.337047730063,1.72635273634954,0.509902556970918,3.38565224423458,0.000710093080977811,0.0029759803775702
"4291",38.2454333928208,-1.12617551422277,0.333205307402039,-3.37982465826678,0.000725320867694886,0.00303256042366825
"728175",5.52765865914205,1.04197565064396,0.308979745344525,3.37231053602595,0.000745403520403602,0.00310442803235591
"3787",6.81737359336351,1.0003178091454,0.296650064976258,3.3720464859007,0.000746118539288694,0.00310673592728401
"1780",6.27114841542839,1.68771845529774,0.500575051638477,3.37155926923149,0.000747439541048156,0.0031115655134128
"340485",65.4164614920838,1.05293081909698,0.312362472922883,3.37086209250537,0.000749333590418302,0.00311755135568895
"57565",139.273279599787,1.00069366219711,0.297145684128608,3.36768701565257,0.000758015961017859,0.00314745307228056
"101928466",5.06948463908346,1.06077527970455,0.31506091361023,3.36688949304851,0.000760211448271454,0.00315521244122465
"28753",4.43702324577759,-1.29197079205933,0.384515128780034,-3.35999989430434,0.000779425023353195,0.00322249112631062
"6581",7.69149344756588,1.27551772875682,0.379711053196634,3.35917987643172,0.000781741652030618,0.00322999460505248
"1767",4.9533539903651,1.98259003362955,0.590249046661358,3.35890425379545,0.00078252174634756,0.00323252619582119
"6007",68.1378812464121,1.84133445284957,0.548244917118231,3.35859831136835,0.000783388500880927,0.00323476987838299
"10942",44.3288687398429,-1.82463788122441,0.543281696612182,-3.35854841531117,0.000783529944105108,0.00323476987838299
"3586",53.4276724379126,1.16267309211777,0.346426132647102,3.3561933773113,0.00079023293276488,0.0032574126782402
"26499",20.0045422306831,1.19134962209019,0.356161325796901,3.34497188717662,0.000822909110240193,0.00337840576891127
"121793",6.51606373193642,1.02829220918351,0.308292787303245,3.33544037205143,0.000851644158453963,0.00348895884345841
"100131439",8.66610347246625,1.05500088078043,0.316317160082164,3.3352628751042,0.000852187985966063,0.00349044631706821
"85301",4.29572572128503,1.39663688779128,0.419218890324139,3.33152183746158,0.000863725231451102,0.00353320518317807
"2322",478.346633089649,1.32347251912964,0.397479158336482,3.32966519469498,0.000869504682384362,0.00355383585739826
"366",1662.03510383354,1.05275517428645,0.316413343924559,3.3271516340899,0.00087738616163669,0.00358074419981567
"9308",4927.59907405296,-1.58053603448767,0.475348214527466,-3.32500677647196,0.000884163860115412,0.00360688053792751
"101929733",1.98392468617034,2.69739093607282,0.811538894203449,3.32379748566505,0.00088800655476464,0.00361873445571106
"51471",22.880732998512,1.57668804814939,0.47559286578176,3.31520542377712,0.000915758016981855,0.00371848587551589
"105375589",8.72902090990125,-1.01524318725218,0.306266184689568,-3.31490460914329,0.000916744023853209,0.00372170708191153
"105379506",6.06969809153274,1.08948895385431,0.328702696161216,3.3145117657324,0.000918033162931687,0.00372615730192029
"2352",655.245056455259,1.55468753726379,0.469073112029721,3.31438212379413,0.000918458959199731,0.00372710221056214
"3741",9.63665125484201,-1.22672971590224,0.370585013175445,-3.31025182424598,0.000932120697216393,0.00377153731553467
"54739",2328.86582131723,1.0704501350799,0.323374887313946,3.31024509655462,0.000932143103098952,0.00377153731553467
"105370124",4.516680954762,1.36277992938057,0.412039762930871,3.30739907160175,0.000941666377688176,0.00380130875541682
"3399",135.233287659285,-1.03881570208918,0.314619745426195,-3.30181343412493,0.000960619413999782,0.00386650315197245
"5156",11.0012837676233,1.29901279706994,0.393595097012939,3.30037850300569,0.000965545103801776,0.00388390065499269
"105379508",6.43453049639003,1.05086303680558,0.318548662238576,3.29890896235672,0.000970613833851781,0.00389941634269723
"727800",4.44328975709725,1.72512806357604,0.523339606247985,3.29638353944605,0.000979382105315063,0.00392667940865859
"9332",3897.84276073646,1.41463639394109,0.429157498060418,3.29631056275274,0.00097963656746671,0.00392667940865859
"2829",16.3160482501802,1.04759229350054,0.317949735151104,3.29483618850217,0.000984790688242023,0.00394406424125465
"112268008",26.5827373185522,-1.02361484354075,0.3111548018243,-3.28972857734896,0.00100284067203813,0.00400472685244011
"1278",8.62112223235605,2.33208083335322,0.709512590649824,3.28687730716283,0.00101304961099346,0.00404131668818543
"105372789",4.31896515496947,1.85144846620013,0.563310287197743,3.28672937149859,0.00101358190890557,0.00404260508566383
"83643",9.57844140714485,1.78659870473794,0.543695065906477,3.28603074916494,0.0010160991718981,0.00405013564658331
"4914",12.175892530337,1.01494704385282,0.308903430150362,3.2856451071417,0.00101749118754334,0.00405401068987766
"110806273",21.2642237207255,-1.48495252757764,0.452447668858852,-3.28204260908878,0.001030580309274,0.00410087179870286
"55422",2577.23952742341,-1.72243903234549,0.525079369170566,-3.2803403322936,0.00103681932864614,0.00412081804379794
"688",182.221078578984,1.15977611262481,0.353883487025705,3.27728236876044,0.00104811494787477,0.00415801065598966
"1807",3.55215307288296,1.88455458075679,0.575252782521053,3.27604600624043,0.00105271410965252,0.00417197104157798
"6097",66.7935169484224,-1.12544283599722,0.343814460162245,-3.27340169307052,0.00106261346832111,0.00420343943060575
"102723373",9.88384287736439,-1.17659563791211,0.359454223983131,-3.27328366008386,0.00106305734284834,0.00420433409893243
"105374121",6.42140262233682,1.41910449200508,0.43357493010811,3.27303170331189,0.00106400542473838,0.00420557815062101
"107987057",11.79381170267,-1.26090774825392,0.385242150778428,-3.27302644766701,0.00106402520940008,0.00420557815062101
"1135",22.6100837964347,1.77429843673986,0.54211566009368,3.27291492821523,0.00106444510008375,0.00420637687186769
"3763",3.84081236719192,2.2122697583215,0.676254864600122,3.27135503805897,0.00107033445601801,0.0042270550132147
"10637",15.0757678302187,1.08208100141325,0.330885790848179,3.27025527037436,0.00107450472358437,0.00423659355285044
"148641",19.155360196551,-1.13926765963356,0.348997950568534,-3.26439641773723,0.00109697565344582,0.00430935594372367
"109623486",8.27594922808754,1.26669103518289,0.388209811831313,3.26290319455732,0.00110277182015012,0.00433020637025987
"105372323",9.92096931281479,1.39369387437483,0.42743538737959,3.2605954385736,0.00111178544567781,0.00435955340648322
"84417",5.67959383413287,-1.04389478382862,0.320260585955799,-3.25951687346471,0.00111602141793193,0.00437095056571192
"107986639",16.0470205896578,1.39937465005829,0.429535563729048,3.25787843481342,0.00112248480534804,0.0043925889687703
"26279",10.8788597329065,1.15006885380036,0.353125167789231,3.25683060485454,0.00112663645786487,0.00440794231650858
"105376578",3.62476398169026,-1.25020621338418,0.384176455242486,-3.25424995812163,0.00113692196023476,0.00444458236762222
"107986759",6.20407060737956,-1.1090019729882,0.340839111634913,-3.2537403576386,0.00113896327391083,0.00444998788014962
"100820829",96.1858875049709,1.39093992329068,0.42749059738998,3.25373220319461,0.00113899596580259,0.00444998788014962
"54206",49.1379684817889,-1.28278045883142,0.394370649732276,-3.25272801031784,0.0011430285014718,0.00446303405184462
"25959",33.8853794787311,1.13336265609869,0.348631157437358,3.25089319161709,0.00115043068370423,0.00448562408004247
"8820",15.4768459552934,1.36252889932257,0.419229014876488,3.25008253477874,0.00115371519563401,0.0044956714806465
"100302174",4.09334651428033,-1.93734764171336,0.596204202004116,-3.24946995542977,0.00115620291023625,0.00450263976658245
"112609",3.09810568127708,2.40171734890163,0.739347727880244,3.24842730738824,0.00116044855809612,0.00451786783971604
"340120",13.5123296716527,1.80664013433609,0.556741635255127,3.24502429840404,0.00117440602108032,0.00456340625334065
"401097",4.47515973349198,1.8308524039703,0.564558790932925,3.24297917838609,0.00118286855310825,0.00458982469311362
"642515",5.64985831663152,1.04532415297904,0.322797032489092,3.23833259840876,0.00120230555650795,0.00465869279841122
"112268043",8.28426860596772,-1.03869734769315,0.321480397257666,-3.23098190917264,0.00123365747742645,0.00476106978498394
"80303",12.84240365621,-1.06102983978638,0.32844167392886,-3.23049699234026,0.00123575204565734,0.00476820050064627
"107986860",8.67598069179501,-1.42906268737793,0.442448742940992,-3.22989433279623,0.00123835977331942,0.00477540014823178
"222642",3.27060021632581,2.10915459150337,0.653060464886009,3.22964672478149,0.00123943265345431,0.0047783046720238
"22925",2.85813910475774,2.1704732622907,0.672976388097947,3.22518486632967,0.00125891348045032,0.00484402015032011
"11131",9.00349871004297,1.4896665343965,0.462333829689879,3.22205825906299,0.00127273253270721,0.00489231900311337
"100874043",30.2728475882276,1.14779012950205,0.356431164286783,3.22022944261558,0.00128088035254241,0.00492167954005152
"169611",7.44970405010867,1.84674181306771,0.573697906531933,3.21901438377467,0.00128632032705069,0.00493865172087535
"3081",31.5245589237561,1.03966113156965,0.323306797998788,3.2157107057599,0.00130121932120903,0.00498716664494442
"1846",150.446679073623,-1.13614416197657,0.353432596294197,-3.21459925849861,0.00130626744492293,0.0050042921833667
"5251",26.7610706567358,-1.35962456393655,0.423161419655342,-3.21301635920389,0.00131348807881877,0.00502497658045723
"85461",16.9838029428706,1.14837975875784,0.357575136461315,3.21157609033613,0.00132009006819221,0.00504623503502136
"3280",47.9428786471924,-1.53431960740165,0.477843974731401,-3.21092174127361,0.00132309961636164,0.00505502610574262
"65055",5.45130928585383,1.70167931906636,0.530947856938868,3.20498387332655,0.00135070048117686,0.00515101257750542
"23127",41.7963191098778,-1.08761882366974,0.33945837718016,-3.20398286442203,0.00135540543462346,0.00516283821567027
"51090",17.3995817773364,-1.05503372754461,0.329690724368462,-3.20007100462281,0.00137393735172528,0.00522209764544748
"27443",6.06505130649924,1.0850416763509,0.339090980215297,3.19985413844384,0.00137497153179793,0.00522397210743293
"2034",15.6523159105398,1.01696214816102,0.318353718887549,3.19444092475088,0.00140101955709502,0.00531040033103416
"9721",3.94672630255318,1.99887151837094,0.62603508699167,3.19290653176687,0.00140848529100923,0.00533451028436367
"1906",8.35541223044754,1.08097754424758,0.338665823934268,3.19187077009986,0.00141354560610932,0.00534947927595203
"389197",8.18970734184755,1.21394304877751,0.380451742036619,3.19079377131797,0.00141882516106969,0.00536420350637781
"28416",13.9350642012301,2.9738332273976,0.933309332792963,3.18633182258908,0.00144089232659573,0.00543486574437825
"105378536",13.4299694028555,1.33483006796894,0.419255758393761,3.18380854942314,0.00145351111998437,0.00547771243570158
"55576",4.97111589369846,1.47207875939011,0.462909136282094,3.18005985194692,0.00147244636650062,0.00554089716092363
"57685",23.3114502908298,-1.41961343600032,0.447060659648975,-3.17543806497082,0.00149610455339995,0.00560915766555229
"57451",5.2399733696795,1.74876864500631,0.550754427328477,3.17522394416145,0.0014972090454609,0.00561220906171211
"147199",10.3951296219307,1.47368153175038,0.464210525583518,3.17459740900521,0.00150044519685294,0.00562106646782232
"84699",4.36957636030732,1.94414129480802,0.613039913202604,3.17131275295203,0.001517516655326,0.00567731143891046
"105377177",4.38815249729456,1.90281072247309,0.600211505396665,3.17023366823927,0.00152316394757726,0.00569292474465108
"105369370",5.06142645394479,1.22405211012096,0.386127678697797,3.17007087979043,0.0015240175646615,0.00569501300478772
"6364",82.1969834641488,-2.44549512122265,0.771880998426824,-3.16822816756317,0.0015337110047479,0.00572680334951497
"105374495",8.35835729685709,-1.03698608547094,0.327633998626461,-3.16507471696557,0.00155043131677857,0.00578364488885992
"3664",25.6895259766562,-1.18431082358998,0.374408910472488,-3.16314807277271,0.00156072926413804,0.00581644221324466
"255101",2.72083800247146,2.01136126492327,0.636272761698267,3.16116198272385,0.00157141084776351,0.00584947692598475
"10186",27.4852126898645,1.28073720742695,0.405182490963599,3.16088981135666,0.00157287987172511,0.00585381693635677
"51334",15.071769967595,1.12764278967829,0.357702874908659,3.15245660233019,0.00161902885779517,0.0060082024023329
"219681",9.49318469682995,1.16378514714746,0.369625374050223,3.14855318073843,0.00164080864956495,0.00608305027761801
"100506622",9.19438752486369,-1.29529410156592,0.41177424573483,-3.14564136777035,0.00165723082111292,0.0061358208622187
"1293",45.0998035797597,1.1549106694778,0.367293566327876,3.14438034138293,0.00166438963178763,0.00615878378407408
"112",15.4447440645532,1.17313244680871,0.373388425390648,3.14185541659829,0.00167880914766603,0.00620263291749117
"644538",5.24009012671755,1.12748253134854,0.359451847781701,3.13667195844621,0.00170877198984977,0.00629046981852436
"80781",390.962409857645,-1.09713391898701,0.350505547499601,-3.13014708843734,0.00174718794912106,0.00641843136264524
"107984551",3.57896703975257,1.56625258258211,0.501645510200701,3.12222984305286,0.0017948675197821,0.00656610750938283
"7124",807.049387963283,-1.29620576767882,0.416416232787009,-3.11276474263146,0.00185343696692084,0.00675860549569019
"3758",9.98588364555868,1.06183260659096,0.341261823129808,3.1114895796213,0.0018614604353658,0.00678146084281915
"28926",3.4074489523059,1.81906914502627,0.585073001184604,3.10913192258603,0.0018763791702115,0.00682936949399255
"353322",72.4199917109492,-1.01461831720097,0.32653516882934,-3.10722523652957,0.00188852450202626,0.00686304025267801
"57124",98.1946275939418,-1.19105829056995,0.384461846488455,-3.09798826970394,0.00194839140572317,0.00705292124223539
"4588",4.53572777822155,1.3769403682487,0.444750626043656,3.09598297926519,0.00196161621153444,0.00709510803366514
"4353",218.898464808962,1.19271903017535,0.385870562774574,3.0909821718433,0.00199495611617279,0.00719191033993364
"107984089",3.9545898921545,1.5669118557833,0.50721423463819,3.08925055484893,0.0020066213281303,0.00722443532603513
"25854",9.74277491142774,1.21939617542368,0.394823228025119,3.08846108554206,0.00201196041524714,0.00724230746304804
"283587",6.00804726618014,1.070102500597,0.346555049436655,3.08782833300659,0.00201624905377686,0.0072527977279031
"566",23.0709226114904,1.1109293455363,0.359803920103525,3.08759655874972,0.00201782205980994,0.00725529317055474
"3786",4.93005927853954,1.85330015603484,0.601185087088988,3.08274472510413,0.00205101011544888,0.0073595517186081
"3909",4.66112249201567,1.57618866697097,0.512282900417583,3.07679343910592,0.00209240241981726,0.00748998619675827
"93664",3.24314911776364,1.82181184722424,0.592465573989876,3.07496659249836,0.00210526133658172,0.00753043284535399
"85495",15.1418572969082,-1.22323954243674,0.398320936567639,-3.07098982287371,0.00213350422801106,0.00762439556834744
"129807",15.0407850554221,1.50342693535673,0.490360169372071,3.06596463020627,0.00216968979477548,0.00773938849588182
"105369601",8.58436176054981,1.11283350248117,0.363139443492882,3.06447983666357,0.00218048872160416,0.00777395276937618
"126326",62.3591231299672,1.04548417097169,0.341551656868219,3.06098404135417,0.00220610852530636,0.00785333969414129
"107985079",40.3262137168529,-1.24955784819099,0.40831968428524,-3.06024396148898,0.0022115676469832,0.00786552383030195
"79098",25.8859987458678,1.34301399003325,0.438877964914717,3.06010804232157,0.00221257158514171,0.00786764545245015
"5054",90.0603490351706,1.19100308731469,0.389830570429735,3.05518134712157,0.00224924474868992,0.00798628692529872
"51700",19.823216302943,1.0883119702799,0.356449866756901,3.0531978597207,0.00226416597574486,0.00802893377223372
"131034",4.29123512124668,1.62205385836485,0.532188543144636,3.04789323118521,0.0023045179107934,0.00815256455270968
"6979",24.1046689736796,-1.35792003458067,0.446101395973554,-3.04397172220724,0.00233477085252697,0.008246717072594
"7130",326.690660469232,-2.02487924307408,0.665283445359741,-3.04363389348906,0.00233739401315219,0.00825224006983458
"117156",3.27922585058641,-1.80188607420515,0.592926415457133,-3.03897081869078,0.00237387847431585,0.00835812964375345
"467",1010.55494204124,-1.48384214231705,0.488300805482879,-3.03878700517335,0.00237532727759319,0.00836170623129414
"2645",7.61325935254871,-1.04954392486088,0.34560058389529,-3.03686965175634,0.00239048803768011,0.00840894444147145
"57670",6.08556493487295,1.68108294657192,0.553786525692444,3.03561547379638,0.00240045285240571,0.00843938567006357
"1282",4.29470097324927,1.46564303004932,0.482918913833076,3.03496713022909,0.00240561902911058,0.00845447037127997
"200261",9.31793530878447,1.00316035445255,0.330836934590552,3.03218972722643,0.00242786551014929,0.00852489795127328
"5794",13.3278716669088,1.55472258631084,0.512786037867137,3.03191286716287,0.00243009339654619,0.00853116954628248
"1511",13.7713691503175,2.69967937555786,0.890942210893907,3.03013971338186,0.00244440634438633,0.00857169003249287
"147646",6.83997354825326,1.14752768528033,0.378778731680564,3.02954624772353,0.00244921402070427,0.00858580888869867
"64900",6.15844267439383,1.10809259234834,0.365790220747412,3.02931169150504,0.00245111654964383,0.00859091883969539
"379",135.388539707023,-1.13004278140113,0.374160877827732,-3.02020560771032,0.00252603141771929,0.0088071346342291
"653598",5.61709758461204,-2.06663278735047,0.685757592578477,-3.01364915199822,0.00258126124735243,0.00897539020685456
"101927712",5.6007414871709,1.08939729492014,0.361686815630422,3.01199061685815,0.00259540619906673,0.00901321426297008
"4781",10.2854564965873,1.40744848517405,0.467440805513657,3.01096624122802,0.00260417803739975,0.0090404253565098
"153769",17.0740181978998,1.2354240338596,0.410580271357561,3.00897076660488,0.00262134337328377,0.00909021067065115
"6338",2.63680654364759,2.54321898192223,0.845364563940249,3.00842865954574,0.00262602448333506,0.00910317444303837
"221584",11.6940047320744,-1.13623699190784,0.378104630033632,-3.00508616307284,0.00265505624843653,0.00918648025432713
"8876",888.90147067914,1.18375642685954,0.394930440358135,2.99737955318428,0.00272311441942102,0.00939253182137143
"654319",4.18261307896496,-1.0770873465971,0.360109498005013,-2.99099955031484,0.00278065902789389,0.00956336394083742
"100616419",5.27190825815663,1.05682621259968,0.353943892189743,2.98585802981772,0.00282783893935527,0.00969657965028732
"1359",8.69524091956502,1.38127780964691,0.462741227783606,2.98498972365792,0.00283587850779556,0.00971898593479109
"3552",29.9765531902927,-2.83727901709043,0.951080557312074,-2.98321629569329,0.00285236339365864,0.00976508453436194
"9890",3.44608338199423,-1.73357788704534,0.581692473591261,-2.98023090507352,0.00288031178494825,0.00983635387991522
"105370877",10.5910794454193,1.00597733828094,0.338588644596047,2.97109000652139,0.00296744798288783,0.0100928769717383
"4929",8317.76824147933,-1.50994967968846,0.50849334036847,-2.96945812229184,0.00298325471767767,0.0101412806033781
"4973",270.154240843881,-2.61740929807971,0.882868697248766,-2.96466428840007,0.00303013399766326,0.0102753200637178
"105379461",24.9509794911235,-1.43175359671215,0.483449049011734,-2.96153979336382,0.00306104935063331,0.0103692308471199
"730101",18.4549789725054,1.36557515307531,0.461197595971395,2.9609329385143,0.00306708714028897,0.0103860401285745
"1131",10.9090242415491,1.27969688914811,0.432422369855538,2.95936791978552,0.00308270815692952,0.0104279663560384
"399948",2.51501722305187,2.00256061309384,0.676666292491075,2.95945081839621,0.00308187889975905,0.0104279663560384
"1004",3.61210305167081,1.78914933248301,0.60508658685601,2.95684844342578,0.00310800842661992,0.0105053995953746
"9687",5.52777378519773,1.305824583224,0.442364010217792,2.95192319687376,0.00315801469100854,0.0106491321307416
"81501",5.6809167069592,1.3563838551364,0.459648683421385,2.95091426138805,0.00316834852945512,0.0106802490488457
"2262",6.82873822485509,1.30765510540278,0.443642089095076,2.94754518911875,0.0032030793327544,0.0107916727275215
"4897",34.214656210868,-1.50367222333925,0.510400772961238,-2.94606180671565,0.00321848082018021,0.0108303365741976
"348110",52.9120013869649,-1.15671813696368,0.392779532846626,-2.94495522355885,0.0032300140352848,0.0108634676157123
"105373444",6.58156228184444,1.49458293476095,0.507675838966973,2.94397097526279,0.00324030386173329,0.010884805736266
"134147",7.89636018073952,1.21588878694108,0.413054957804232,2.94364893573641,0.00324367710422051,0.0108942421281229
"5376",22.1584923690461,-1.14100274027206,0.388600365293222,-2.93618545471801,0.00332275607934053,0.0111269404203614
"105370921",3.71588909944826,1.69916708027457,0.579963803836889,2.92978125364605,0.00339200693025878,0.0113195849036042
"284009",4.51820701632428,-1.00226697193114,0.342104283892509,-2.92971184262065,0.00339276464139934,0.0113201573522295
"287",11.1144517122354,1.47087395380657,0.502095779220926,2.9294688676508,0.00339541824157509,0.0113250979415023
"105377295",2.96132651474705,1.88422328292487,0.643339777074622,2.92881514569604,0.00340256711263218,0.0113469825728117
"10777",3.86487473159818,1.45737445676448,0.497744071602023,2.92795944725936,0.00341194543429555,0.0113672933249033
"4985",7.37906909786795,1.06688687440227,0.364453980908284,2.9273568963176,0.00341856341165809,0.0113846002079567
"27306",6.2036989301877,1.03743419471191,0.35445217339817,2.92686650716771,0.00342395810915051,0.0113966699420742
"54435",29.5229327760645,-1.78094757941129,0.609279084764743,-2.92304072787753,0.00346631172866806,0.0115131443858445
"6405",5.91961369468658,1.62462742955301,0.557103436696349,2.91620428548625,0.00354318423333649,0.011724807044927
"286133",6.37284671368742,-1.19255706388581,0.409145089091979,-2.91475345954284,0.00355969626103019,0.011777429191882
"100420587",13.3953202315266,1.20579960636784,0.413765646120984,2.91420908833806,0.0035659098556218,0.0117919265636589
"80144",5.08149159087414,1.90078953622426,0.653722658238761,2.90763906110477,0.00364168390373911,0.0120054966795851
"26774",26.6052966703873,-1.03224480714418,0.355157057479579,-2.90644599454013,0.00365559995827926,0.012043150186675
"619279",4.53063773513696,1.18978431009601,0.409915981504026,2.90250774251484,0.00370188009091863,0.0121769218729042
"107984384",6.18452397376506,1.28320327665835,0.442594989819015,2.89927203464973,0.00374030222903339,0.0122886554350277
"23026",19.7086042281267,-1.3211102969988,0.456704733233074,-2.89270112802748,0.00381944550999967,0.0125061260917453
"107986300",4.76233613968113,-1.00558187988183,0.347675977422518,-2.89229611817496,0.00382437307991825,0.012520137806303
"105369402",5.77618623974517,1.30164558340955,0.450329723055101,2.8904278726685,0.00384717803090733,0.012588581762175
"107985309",4.04026427991893,-1.21009014626366,0.41865500922576,-2.89042318758239,0.00384723537491491,0.012588581762175
"105371967",11.8658085356167,1.23462818604213,0.427617897294447,2.88722290122482,0.00388658781813898,0.012700132647022
"112267965",34.8396798281967,-1.0772743709053,0.373310405894224,-2.88573357156977,0.00390502579361194,0.0127495956257369
"253559",9.18206447804925,1.21710294680068,0.422204982407452,2.88272994757345,0.00394245269799969,0.0128498941141047
"2823",24.9371391160348,-1.92186026186454,0.667245463401573,-2.88028973935172,0.00397309862057557,0.0129346730547126
"91543",522.312966426219,1.33242983555697,0.463372427327505,2.87550522425718,0.00403381470198073,0.0131036214507404
"89765",3.4410267239564,1.32452248338846,0.46067310135405,2.87518954220533,0.00403785021296802,0.0131123193732703
"53841",7.7731511365442,1.07056502578847,0.372871261382501,2.87113847771243,0.00408996313061958,0.0132325964112122
"1491",52.5140939193682,-1.16099657207614,0.404656215619295,-2.86909363371406,0.004116499165148,0.0132961752596317
"254827",4.27771163004196,1.38277427010243,0.482863334617571,2.86369697379816,0.00418728379556196,0.013504479736121
"118932",72.3877607955618,1.2571231526763,0.440436761268646,2.85426481898388,0.00431365570383924,0.0138105634868275
"102723442",10.7363750331092,1.21652949980178,0.426399434611098,2.85302793825543,0.00433048141635613,0.0138437770423224
"105378901",9.20820800946511,1.7429935793823,0.612591062725336,2.8452807842608,0.00443722899700662,0.0141428893200515
"102723169",1098.06024578317,1.60170453410334,0.565210729366963,2.83381834576503,0.00459954696842797,0.0145978412912404
"50509",20.4060847628889,-1.10886785119076,0.392097127242931,-2.82804380380921,0.00468333978099063,0.0148245628340421
"9420",5.52408029346309,1.32381967492966,0.469368044713083,2.82042991601374,0.00479593483372605,0.0151288947254031
"105378756",5.35310339998993,1.10998958546581,0.394271891931035,2.8152896723867,0.00487332851452121,0.0153304642893686
"1829",9.80607144687927,1.24782805310529,0.443699856972273,2.8123246683473,0.0049184829926831,0.0154498606952986
"64285",3.90068507283326,1.70055830105223,0.606840364381955,2.8023157338655,0.00507371913165111,0.0158677998170763
"28635",83.7847903041806,1.16129181886032,0.414443782208758,2.80204908050804,0.00507791476822523,0.0158757795052559
"145788",5.19989515422509,1.07679897521615,0.384813190725327,2.79823821316132,0.00513822022887198,0.0160305830468458
"83690",5.60135135370947,1.36712719157049,0.4887540999602,2.79716772029496,0.00515527640667327,0.0160656282016579
"60675",220.036806950744,1.04549506336099,0.37411139499813,2.79460897833977,0.00519625237141618,0.0161688039870713
"441478",94.8107118791293,-1.81435186652692,0.649240110197302,-2.7945775962233,0.00519675674957289,0.0161688039870713
"84983",2.23613456078412,-2.43859633763506,0.873200117354377,-2.79271187574221,0.00522682250267259,0.0162474713077779
"146183",5.84146561761274,1.05466869938599,0.377674629163865,2.79253256095312,0.00522972039036267,0.0162518378666162
"347688",3.69612459003055,1.74931815371735,0.62645767720812,2.79239638583948,0.00523192207187637,0.0162520313739869
"387914",7.80660096389538,-1.67650198386778,0.600528132191755,-2.79171265091117,0.00524298937253152,0.0162837907305128
"23017",3.75428641452884,1.28107505167989,0.459010190619327,2.79095122038876,0.00525533918346961,0.0163064123250587
"116835",11.7585230671248,-1.12653093468515,0.403765848021964,-2.79005998205146,0.005269827752599,0.016338242664664
"3362",21.4605401184163,-1.18300887529985,0.424285344469976,-2.78823883671421,0.00529954576257687,0.0164093037945943
"7128",27436.6672232764,-1.24612049946302,0.447046572641805,-2.78745118679497,0.00531244570236605,0.0164413383660406
"8600",4.24980337218808,-1.00742746842579,0.361584359777983,-2.78614779976756,0.00533385456502827,0.016494379401093
"107985211",8.17024128532012,-1.04451093405148,0.375083688454421,-2.78474102234495,0.00535704907874181,0.0165608022744776
"28801",8.99829234773705,-1.67340602554477,0.601980919094869,-2.77983233764433,0.00543869706316239,0.0167649030620578
"105377276",11.3476951432527,1.22186577560092,0.440176456158478,2.77585445224496,0.00550568494685027,0.0169443486364259
"116285",52.7920895950487,-1.0715591101497,0.386047992308887,-2.77571475955848,0.00550805085862689,0.0169489289645957
"729974",2.72421458029746,-3.29687695027462,1.18911711491217,-2.77254183707391,0.00556203692104638,0.0170878232610957
"692086",4.65649580127874,1.28747836983726,0.464452661611987,2.77203357037244,0.00557072911586701,0.0171013546840008
"84203",7.93630400442226,1.02686942096095,0.370824235752666,2.76915401410241,0.00562020609342255,0.0172363697119543
"101929319",16.7693799233091,-2.29399213648782,0.829399789807868,-2.76584605479491,0.00567753300749252,0.0173790644223642
"105372274",17.8689505139223,-1.65512006962094,0.598449473883155,-2.76568054923898,0.00568041502363422,0.017385130734774
"7225",16.2973984481924,1.10838499909472,0.401167715436773,2.76289680461439,0.00572908766701066,0.0175167189634344
"27076",160.664441182141,-1.5012010340934,0.544713621098925,-2.75594546555458,0.00585227534806962,0.0178488852687809
"149837",8.04199371231774,1.08339076291221,0.393226776964372,2.75512967676251,0.00586688775072969,0.0178878017433047
"6752",3.35926793641078,1.6567124933067,0.601776162761198,2.75303775029076,0.00590450873453743,0.0179854688771903
"28745",5.67359270897298,-1.00773690671744,0.366235533940051,-2.75160876902348,0.00593033222634583,0.0180385219649064
"107987402",4.81484707680249,-1.08636522990522,0.395407271133582,-2.74745890936893,0.0060059034055086,0.0181981101120343
"9172",694.935076631807,1.51180515717478,0.550897332186402,2.74425935441497,0.00606476019832597,0.0183549050227349
"1047",4.75154775411185,1.13819918305479,0.415236119030005,2.74108905967437,0.00612359069176725,0.0184916496752119
"54587",20.5822478017525,-1.28222570548075,0.468439059582849,-2.73723055165935,0.00619588535585353,0.0186756575608309
"135295",8.7539489528153,-1.02743609242356,0.375747550610232,-2.73437868258876,0.00624981213937753,0.0188063422725323
"100996511",8.66058084295901,-1.08454984437213,0.39748078534549,-2.72855917658874,0.00636116757020995,0.0190874562019724
"84302",6.77804095538314,1.58866535900039,0.582620417924984,2.72675881263904,0.00639597712247177,0.0191753958830237
"5806",189.762695564463,-1.05844357177562,0.390337622145987,-2.71161044112669,0.00669572316093362,0.0199333753173964
"139189",58.2015526191863,-1.11368731886557,0.410931433814432,-2.71015363445886,0.00672520488661023,0.0200057234704585
"5008",1492.51777141422,-1.10226058505437,0.408097449775777,-2.70097396016561,0.00691367512537034,0.0204937673094631
"54101",6.78479245523846,-1.72693995027972,0.640101080221594,-2.69791756902187,0.00697747157310197,0.0206638446587556
"100128653",6.07308273213683,1.14799861984288,0.425895288567138,2.69549499762054,0.00702841331221799,0.0207892047611508
"107986666",2.24808397016262,2.33324168616981,0.868595234954756,2.68622436812164,0.00722645442357383,0.021309709547726
"202500",4.79053622533739,1.10252952567003,0.410929803204539,2.68301183577394,0.00729624080891715,0.0214532586025895
"54538",4.98195308258441,1.64519847449503,0.613892095678145,2.6799473166007,0.00736337481216037,0.021611690609594
"107986924",13.0790331392935,1.07083339691408,0.39977905545474,2.67856302701009,0.00739388154349952,0.0216908157934168
"65997",7.56740748636373,-1.7019040536872,0.638627944446568,-2.6649382766394,0.00770024545524098,0.0224565297842969
"54798",3.84230885704989,1.34279007710905,0.504548500864593,2.66136966973055,0.00778234626788848,0.0226719974544369
"728920",9.97367774797441,-1.35814198821991,0.51072257472034,-2.65925583760145,0.00783134701569251,0.0227975540499026
"8013",450.838676603319,-1.41378250982841,0.533751916474283,-2.6487633415299,0.00807868816153656,0.0234076134852442
"643355",4.72576032997138,1.2300658216794,0.468497904163283,2.62555245338023,0.00865084788168209,0.0247320761348697
"692212",6.37643698501824,-1.19159119658162,0.453866684889898,-2.62542115615005,0.0086541849139063,0.0247379542713675
"102723765",13.0928181706371,1.23167611101652,0.469277309569549,2.62462319379195,0.00867449057096635,0.0247923282383457
"221711",8.74441780329526,-1.69559999480959,0.646940372579332,-2.62095251228376,0.00876844750303037,0.0250349287667833
"101929557",4.27353055624908,-1.1171151544055,0.4265126479261,-2.61918411994914,0.00881403605119667,0.0251242308812856
"60495",3.28115270713922,1.4754928780948,0.563543102226296,2.61824316945025,0.00883837964727934,0.0251750424407461
"400941",9.57623228145778,1.51452030436304,0.578753724207607,2.61686489609483,0.00887414577728341,0.0252508476868863
"166614",13.0751091462973,-1.07093113194104,0.411402409042144,-2.60312314270219,0.00923787662180968,0.026082145222279
"285590",40.2417439415287,1.1457798845981,0.440367742823794,2.60187060308039,0.00927168276390066,0.0261584715173776
"284716",7.06528297484643,1.02889754983226,0.396321157113624,2.59612067477204,0.00942829455497841,0.0265382924421721
"107985056",3.08317839039059,1.41352970808748,0.546495394938283,2.58653544234735,0.00969461995663801,0.0271533720960976
"102723475",17.3475695025094,1.01117737759445,0.392755029113604,2.57457525082884,0.0100363251883285,0.0279805849627546
"100507144",4.74384629909398,-1.0842709773029,0.42287524652771,-2.56404456445725,0.0103460259708352,0.0286907601304954
"79908",6.00052357896848,1.53493535768129,0.600903169646177,2.5543805312012,0.0106376928049058,0.029364654580952
"56675",71.8476433190987,1.13404671399177,0.444013366150906,2.55408237779569,0.0106468064034524,0.0293814125840916
"4015",7.53077157889843,1.06396552719154,0.417095151149967,2.55089402084415,0.0107446992991969,0.0295994002829414
"85462",5.45393117191181,1.24923243941506,0.49139495995958,2.54221663062604,0.0110151878951849,0.0302080813166445
"1960",49.4948167760247,1.14214758546332,0.450260758799281,2.53663585631826,0.0111923306099352,0.0306199587390663
"55384",102.956516434487,-1.59137913944139,0.627956486769523,-2.53421880810265,0.0112698335924223,0.0307796671385744
"153020",1491.78568179227,-1.01931424525085,0.403052943035394,-2.52898350666884,0.0114393402691207,0.0311532396803575
"389816",11.4244693764338,-1.02614762666776,0.405992746269365,-2.52750236573669,0.0114877050043824,0.031255361939227
"8354",5.31142096012498,1.01953370310328,0.404434443644899,2.5208874247082,0.0117059295739172,0.0317284086921389
"1390",884.897337705824,-1.2199118940689,0.484166298800554,-2.51961339955102,0.0117483790479294,0.0318300639974205
"101929538",5.23606321662875,1.24465159923342,0.494155691803927,2.51874382887262,0.0117774307765747,0.0318908781768384
"57477",5.88891275975901,1.24439469956213,0.494239783855971,2.51779549160043,0.0118091866601625,0.0319589423740273
"283316",8.00838114006217,1.13605458822975,0.45178161479385,2.51461004837068,0.0119164105880336,0.0322130068975511
"78998",4.55110491439139,1.06770526212135,0.426688262779815,2.50230755157267,0.0123386686967278,0.033164143336285
"132989",3.84218216485628,1.03447517239686,0.413517304492459,2.50164905109968,0.0123616395524905,0.0332027792820163
"7056",1115.36595009661,1.12961803840966,0.451685495834312,2.50089508923269,0.0123879869520008,0.0332642942181647
"407013",15.31610874657,-1.04572750601575,0.418313460432493,-2.49986578231209,0.0124240366569609,0.0333379180101749
"3852",12.2184733313832,-1.21050243019272,0.484914450508397,-2.49632162729652,0.012548876337964,0.0336168539102179
"3120",329.905287210991,-1.3148510639213,0.529054824335953,-2.48528319455672,0.0129448410477816,0.0344862422837298
"27289",79.7208771723528,-1.46470839076979,0.590889675109407,-2.47881872449131,0.0131818280906672,0.034982474108419
"105376026",4.23807129532852,1.24458864953285,0.503108676870448,2.4737968290961,0.0133685698409211,0.0353953689015448
"106144526",10.0588079134811,1.00458006428697,0.407472161478408,2.46539557608575,0.0136862061614514,0.0361273938477242
"7057",2020.66455420389,1.14108901060738,0.462960783229586,2.46476386757256,0.0137103572097926,0.0361713686387315
"28386",114.136398260869,3.72909883793207,1.51302100704565,2.46467089390489,0.013713914891317,0.0361758126459655
"10990",48.3602047223865,1.22290635972625,0.496336922080428,2.4638633664414,0.0137448496245596,0.0362376158292827
"101928093",8.58301686445725,-1.12663190980401,0.457367267446817,-2.46329807573084,0.0137665414148425,0.0362799464797268
"5774",5.91589339784299,1.18942075091821,0.48380847906407,2.45845371130979,0.0139536763327362,0.0366480888532302
"107984884",5.22999949661515,-1.64283198194819,0.66841952439786,-2.45778574979258,0.0139796546697553,0.0366813982312926
"101927722",5.62478915838843,-1.27320669089161,0.518746118713013,-2.45439270765125,0.0141122770835263,0.0369841627136736
"50489",9.55905544822682,-1.03198531988995,0.424068857065727,-2.43353243864827,0.0149522955741363,0.038874358121664
"439936",7.02047557793581,1.33792231533485,0.550623355223337,2.42983212143659,0.0151058178878451,0.0392101552486645
"2302",25.4122967205193,-1.69831167595497,0.698973922664083,-2.42972108241462,0.0151104461579511,0.0392126239399004
"389831",15.7564279406288,1.06754386866708,0.439621074980757,2.42832732419348,0.0151686463635653,0.0393415120297037
"284110",24.440959037733,1.06533649407108,0.439304251610955,2.42505391232712,0.0153061135515557,0.0396714085233719
"28706",6.81200125042893,-1.12607541922212,0.465108093980215,-2.42110475778996,0.015473417444108,0.0400405517460289
"105376976",4.84853825438398,-1.28154572064621,0.530078600288943,-2.41765224996377,0.0156209975379382,0.0403845655224447
"112268138",9.38569145313227,1.2432010246511,0.516824446874073,2.40546094940051,0.0161520781174284,0.0415716636107399
"105",7.866213314287,-1.34929409516128,0.561905634031403,-2.40128237455236,0.016337723808667,0.0419734098966312
"730249",6.39335475240174,-1.64274944734944,0.685325336990426,-2.39703591663997,0.0165283034934323,0.0423953509184706
"7718",106.15599913346,-1.08024965324045,0.450788919906151,-2.39635360484313,0.0165591068167715,0.042463082040299
"120939",53.9620476268815,-1.04622223505769,0.437722689346139,-2.39014851302434,0.0168415610161717,0.0430844120207058
"11082",3.89592757515767,-1.2160480199467,0.513894306026176,-2.36633876983404,0.0179649972872766,0.0454347862247099
"2444",4.99312200011701,1.14284798722422,0.484207870261347,2.36024248554113,0.0182629930252654,0.0460557484074073
"57088",4.84426222178503,1.27841393025457,0.54667969864024,2.3385063199427,0.0193609982082943,0.0483887145591534
"285852",52.8424631250185,1.6822436471341,0.720396559292709,2.33516335611838,0.0195348886158959,0.048747611958933
"102723403",2.74537726705399,1.44313407602631,0.619347289842012,2.33008862668058,0.0198014674185656,0.0492531228346345
"729264",4.22656171432371,1.33795932518224,0.574528683784607,2.32879465019687,0.0198699469633424,0.0493795413403769
